2026-01-16 11:53:22.992 +08 [12104] FATAL:  database 41532 does not exist
2026-01-16 11:53:31.741 +08 [1216] FATAL:  database 37728 does not exist
2026-01-16 11:54:22.994 +08 [2804] FATAL:  database 41532 does not exist
2026-01-16 11:54:31.741 +08 [32736] FATAL:  database 37728 does not exist
2026-01-16 11:55:22.998 +08 [40184] FATAL:  database 41532 does not exist
2026-01-16 11:55:31.758 +08 [20316] FATAL:  database 37728 does not exist
2026-01-16 11:56:23.006 +08 [31876] FATAL:  database 41532 does not exist
2026-01-16 11:56:31.767 +08 [18140] FATAL:  database 37728 does not exist
2026-01-16 11:57:23.010 +08 [13712] FATAL:  database 41532 does not exist
2026-01-16 11:57:31.772 +08 [26460] FATAL:  database 37728 does not exist
2026-01-16 11:58:23.025 +08 [20804] FATAL:  database 41532 does not exist
2026-01-16 11:58:31.790 +08 [37192] FATAL:  database 37728 does not exist
2026-01-16 11:59:23.016 +08 [39196] FATAL:  database 41532 does not exist
2026-01-16 11:59:31.874 +08 [21100] FATAL:  database 37728 does not exist
2026-01-16 12:00:23.038 +08 [32552] FATAL:  database 41532 does not exist
2026-01-16 12:00:32.005 +08 [31816] FATAL:  database 37728 does not exist
2026-01-16 12:01:23.050 +08 [21888] FATAL:  database 41532 does not exist
2026-01-16 12:01:32.009 +08 [38688] FATAL:  database 37728 does not exist
2026-01-16 12:02:23.026 +08 [26192] FATAL:  database 41532 does not exist
2026-01-16 12:02:31.992 +08 [19904] FATAL:  database 37728 does not exist
2026-01-16 12:03:23.056 +08 [16364] FATAL:  database 41532 does not exist
2026-01-16 12:03:32.033 +08 [28336] FATAL:  database 37728 does not exist
2026-01-16 12:04:23.072 +08 [10812] FATAL:  database 41532 does not exist
2026-01-16 12:04:32.048 +08 [28896] FATAL:  database 37728 does not exist
2026-01-16 12:05:23.177 +08 [39380] FATAL:  database 41532 does not exist
2026-01-16 12:05:32.047 +08 [19796] FATAL:  database 37728 does not exist
2026-01-16 12:06:23.188 +08 [6176] FATAL:  database 41532 does not exist
2026-01-16 12:06:32.055 +08 [36164] FATAL:  database 37728 does not exist
2026-01-16 12:07:23.193 +08 [24684] FATAL:  database 41532 does not exist
2026-01-16 12:07:32.064 +08 [18776] FATAL:  database 37728 does not exist
2026-01-16 12:08:23.200 +08 [16228] FATAL:  database 41532 does not exist
2026-01-16 12:08:32.063 +08 [39616] FATAL:  database 37728 does not exist
2026-01-16 12:09:23.200 +08 [27220] FATAL:  database 41532 does not exist
2026-01-16 12:09:32.076 +08 [24104] FATAL:  database 37728 does not exist
2026-01-16 12:10:23.192 +08 [12856] FATAL:  database 41532 does not exist
2026-01-16 12:10:32.097 +08 [25416] FATAL:  database 37728 does not exist
2026-01-16 12:11:23.218 +08 [28796] FATAL:  database 41532 does not exist
2026-01-16 12:11:32.097 +08 [5184] FATAL:  database 37728 does not exist
2026-01-16 12:12:23.225 +08 [2356] FATAL:  database 41532 does not exist
2026-01-16 12:12:32.113 +08 [24836] FATAL:  database 37728 does not exist
2026-01-16 12:13:23.330 +08 [13356] FATAL:  database 41532 does not exist
2026-01-16 12:13:32.117 +08 [35652] FATAL:  database 37728 does not exist
2026-01-16 12:14:23.339 +08 [18620] FATAL:  database 41532 does not exist
2026-01-16 12:14:32.241 +08 [38688] FATAL:  database 37728 does not exist
2026-01-16 12:15:23.359 +08 [29632] FATAL:  database 41532 does not exist
2026-01-16 12:15:32.243 +08 [18656] FATAL:  database 37728 does not exist
2026-01-16 12:16:23.372 +08 [16488] FATAL:  database 41532 does not exist
2026-01-16 12:16:32.253 +08 [13668] FATAL:  database 37728 does not exist
2026-01-16 12:17:23.369 +08 [16980] FATAL:  database 41532 does not exist
2026-01-16 12:17:32.254 +08 [30836] FATAL:  database 37728 does not exist
2026-01-16 12:18:23.386 +08 [15456] FATAL:  database 41532 does not exist
2026-01-16 12:18:32.259 +08 [6628] FATAL:  database 37728 does not exist
2026-01-16 12:19:23.394 +08 [30972] FATAL:  database 41532 does not exist
2026-01-16 12:19:32.249 +08 [3488] FATAL:  database 37728 does not exist
2026-01-16 12:20:23.403 +08 [31500] FATAL:  database 41532 does not exist
2026-01-16 12:30:55.631 +08 [20360] FATAL:  database 37728 does not exist
2026-01-16 12:41:23.585 +08 [1252] FATAL:  database 41532 does not exist
2026-01-16 12:41:32.164 +08 [42908] FATAL:  database 37728 does not exist
2026-01-16 12:42:23.709 +08 [20556] FATAL:  database 41532 does not exist
2026-01-16 12:42:32.180 +08 [42308] FATAL:  database 37728 does not exist
2026-01-16 12:43:23.793 +08 [31080] FATAL:  database 41532 does not exist
2026-01-16 12:43:32.164 +08 [28320] FATAL:  database 37728 does not exist
2026-01-16 12:44:23.816 +08 [8680] FATAL:  database 41532 does not exist
2026-01-16 12:44:32.204 +08 [25660] FATAL:  database 37728 does not exist
2026-01-16 12:45:23.819 +08 [23904] FATAL:  database 41532 does not exist
2026-01-16 12:45:32.195 +08 [42464] FATAL:  database 37728 does not exist
2026-01-16 12:46:23.839 +08 [16160] FATAL:  database 41532 does not exist
2026-01-16 12:46:32.314 +08 [33348] FATAL:  database 37728 does not exist
2026-01-16 12:47:23.840 +08 [41420] FATAL:  database 41532 does not exist
2026-01-16 12:47:32.315 +08 [10880] FATAL:  database 37728 does not exist
2026-01-16 12:48:23.859 +08 [3080] FATAL:  database 41532 does not exist
2026-01-16 12:48:32.334 +08 [39880] FATAL:  database 37728 does not exist
2026-01-16 12:49:23.845 +08 [6564] FATAL:  database 41532 does not exist
2026-01-16 12:49:32.434 +08 [42148] FATAL:  database 37728 does not exist
2026-01-16 12:50:23.871 +08 [8692] FATAL:  database 41532 does not exist
2026-01-16 12:50:32.430 +08 [21468] FATAL:  database 37728 does not exist
2026-01-16 12:51:23.873 +08 [24952] FATAL:  database 41532 does not exist
2026-01-16 12:51:32.443 +08 [40760] FATAL:  database 37728 does not exist
2026-01-16 12:52:23.980 +08 [35864] FATAL:  database 41532 does not exist
2026-01-16 12:52:32.473 +08 [34044] FATAL:  database 37728 does not exist
2026-01-16 12:53:23.987 +08 [42084] FATAL:  database 41532 does not exist
2026-01-16 12:53:32.463 +08 [11396] FATAL:  database 37728 does not exist
2026-01-16 12:54:24.015 +08 [33452] FATAL:  database 41532 does not exist
2026-01-16 12:54:32.481 +08 [9660] FATAL:  database 37728 does not exist
2026-01-16 12:55:24.007 +08 [27156] FATAL:  database 41532 does not exist
2026-01-16 12:55:32.480 +08 [33308] FATAL:  database 37728 does not exist
2026-01-16 12:56:24.006 +08 [40740] FATAL:  database 41532 does not exist
2026-01-16 12:56:32.495 +08 [24644] FATAL:  database 37728 does not exist
2026-01-16 12:57:24.032 +08 [33396] FATAL:  database 41532 does not exist
2026-01-16 12:57:32.493 +08 [41344] FATAL:  database 37728 does not exist
2026-01-16 12:58:24.044 +08 [39516] FATAL:  database 41532 does not exist
2026-01-16 12:58:32.506 +08 [19772] FATAL:  database 37728 does not exist
2026-01-16 12:59:24.056 +08 [16720] FATAL:  database 41532 does not exist
2026-01-16 12:59:32.496 +08 [35816] FATAL:  database 37728 does not exist
2026-01-16 13:00:24.061 +08 [34728] FATAL:  database 41532 does not exist
2026-01-16 13:00:32.531 +08 [26176] FATAL:  database 37728 does not exist
2026-01-16 13:01:24.066 +08 [11660] FATAL:  database 41532 does not exist
2026-01-16 13:01:32.512 +08 [36652] FATAL:  database 37728 does not exist
2026-01-16 13:02:24.070 +08 [21052] FATAL:  database 41532 does not exist
2026-01-16 13:02:32.532 +08 [20344] FATAL:  database 37728 does not exist
2026-01-16 13:03:24.083 +08 [15136] FATAL:  database 41532 does not exist
2026-01-16 13:03:32.642 +08 [41880] FATAL:  database 37728 does not exist
2026-01-16 13:04:24.088 +08 [1360] FATAL:  database 41532 does not exist
2026-01-16 13:04:32.645 +08 [33348] FATAL:  database 37728 does not exist
2026-01-16 13:05:24.111 +08 [28208] FATAL:  database 41532 does not exist
2026-01-16 13:05:32.763 +08 [11968] FATAL:  database 37728 does not exist
2026-01-16 13:06:24.106 +08 [24496] FATAL:  database 41532 does not exist
2026-01-16 13:06:32.655 +08 [28872] FATAL:  database 37728 does not exist
2026-01-16 13:07:24.103 +08 [19604] FATAL:  database 41532 does not exist
2026-01-16 13:07:32.652 +08 [33600] FATAL:  database 37728 does not exist
2026-01-16 13:08:24.142 +08 [20576] FATAL:  database 41532 does not exist
2026-01-16 13:08:32.669 +08 [42156] FATAL:  database 37728 does not exist
2026-01-16 13:09:24.247 +08 [31724] FATAL:  database 41532 does not exist
2026-01-16 13:09:32.686 +08 [30404] FATAL:  database 37728 does not exist
2026-01-16 13:10:24.350 +08 [776] FATAL:  database 41532 does not exist
2026-01-16 13:10:32.781 +08 [27440] FATAL:  database 37728 does not exist
2026-01-16 13:11:24.367 +08 [33308] FATAL:  database 41532 does not exist
2026-01-16 13:11:32.903 +08 [19928] FATAL:  database 37728 does not exist
2026-01-16 13:12:24.368 +08 [18748] FATAL:  database 41532 does not exist
2026-01-16 13:12:32.912 +08 [34712] FATAL:  database 37728 does not exist
2026-01-16 13:13:24.381 +08 [40636] FATAL:  database 41532 does not exist
2026-01-16 13:13:32.918 +08 [41688] FATAL:  database 37728 does not exist
2026-01-16 13:14:24.373 +08 [14500] FATAL:  database 41532 does not exist
2026-01-16 13:14:32.925 +08 [8992] FATAL:  database 37728 does not exist
2026-01-16 13:15:24.405 +08 [30688] FATAL:  database 41532 does not exist
2026-01-16 13:15:32.935 +08 [25576] FATAL:  database 37728 does not exist
2026-01-16 13:16:24.415 +08 [18424] FATAL:  database 41532 does not exist
2026-01-16 13:16:32.944 +08 [41708] FATAL:  database 37728 does not exist
2026-01-16 13:17:24.412 +08 [41480] FATAL:  database 41532 does not exist
2026-01-16 13:17:32.940 +08 [24496] FATAL:  database 37728 does not exist
2026-01-16 13:18:24.424 +08 [20648] FATAL:  database 41532 does not exist
2026-01-16 13:18:32.946 +08 [30176] FATAL:  database 37728 does not exist
2026-01-16 13:19:24.429 +08 [34164] FATAL:  database 41532 does not exist
2026-01-16 13:19:33.078 +08 [20972] FATAL:  database 37728 does not exist
2026-01-16 13:20:24.434 +08 [40724] FATAL:  database 41532 does not exist
2026-01-16 13:20:32.975 +08 [31204] FATAL:  database 37728 does not exist
2026-01-16 13:21:24.428 +08 [41908] FATAL:  database 41532 does not exist
2026-01-16 13:21:32.973 +08 [8940] FATAL:  database 37728 does not exist
2026-01-16 13:22:24.442 +08 [42652] FATAL:  database 41532 does not exist
2026-01-16 13:22:32.976 +08 [4716] FATAL:  database 37728 does not exist
2026-01-16 13:23:24.453 +08 [23820] FATAL:  database 41532 does not exist
2026-01-16 13:23:32.976 +08 [42404] FATAL:  database 37728 does not exist
2026-01-16 13:24:24.469 +08 [1732] FATAL:  database 41532 does not exist
2026-01-16 13:24:32.990 +08 [15320] FATAL:  database 37728 does not exist
2026-01-16 13:25:24.466 +08 [32736] FATAL:  database 41532 does not exist
2026-01-16 13:25:32.979 +08 [8044] FATAL:  database 37728 does not exist
2026-01-16 13:26:24.486 +08 [40996] FATAL:  database 41532 does not exist
2026-01-16 13:26:33.099 +08 [16964] FATAL:  database 37728 does not exist
2026-01-16 13:27:24.488 +08 [1548] FATAL:  database 41532 does not exist
2026-01-16 13:27:33.101 +08 [17600] FATAL:  database 37728 does not exist
2026-01-16 13:28:24.499 +08 [14916] FATAL:  database 41532 does not exist
2026-01-16 13:28:33.115 +08 [34192] FATAL:  database 37728 does not exist
2026-01-16 13:29:24.507 +08 [29920] FATAL:  database 41532 does not exist
2026-01-16 13:29:33.130 +08 [16736] FATAL:  database 37728 does not exist
2026-01-16 13:30:24.491 +08 [2552] FATAL:  database 41532 does not exist
2026-01-16 13:30:33.128 +08 [18840] FATAL:  database 37728 does not exist
2026-01-16 13:31:24.520 +08 [30292] FATAL:  database 41532 does not exist
2026-01-16 13:31:33.108 +08 [24288] FATAL:  database 37728 does not exist
2026-01-16 13:32:24.504 +08 [24908] FATAL:  database 41532 does not exist
2026-01-16 13:32:33.137 +08 [42108] FATAL:  database 37728 does not exist
2026-01-16 13:33:24.529 +08 [34492] FATAL:  database 41532 does not exist
2026-01-16 13:33:33.154 +08 [42764] FATAL:  database 37728 does not exist
2026-01-16 13:34:24.534 +08 [20208] FATAL:  database 41532 does not exist
2026-01-16 13:34:33.159 +08 [36048] FATAL:  database 37728 does not exist
2026-01-16 13:35:24.543 +08 [7648] FATAL:  database 41532 does not exist
2026-01-16 13:35:33.170 +08 [42524] FATAL:  database 37728 does not exist
2026-01-16 13:36:24.549 +08 [32884] FATAL:  database 41532 does not exist
2026-01-16 13:36:33.160 +08 [22340] FATAL:  database 37728 does not exist
2026-01-16 13:37:24.557 +08 [39380] FATAL:  database 41532 does not exist
2026-01-16 13:37:33.173 +08 [1548] FATAL:  database 37728 does not exist
2026-01-16 13:38:24.565 +08 [42552] FATAL:  database 41532 does not exist
2026-01-16 13:38:33.179 +08 [34800] FATAL:  database 37728 does not exist
2026-01-16 13:39:24.673 +08 [10976] FATAL:  database 41532 does not exist
2026-01-16 13:39:33.186 +08 [27336] FATAL:  database 37728 does not exist
2026-01-16 13:40:24.678 +08 [42984] FATAL:  database 41532 does not exist
2026-01-16 13:40:33.183 +08 [25460] FATAL:  database 37728 does not exist
2026-01-16 13:41:24.686 +08 [27440] FATAL:  database 41532 does not exist
2026-01-16 13:41:33.189 +08 [13980] FATAL:  database 37728 does not exist
2026-01-16 13:42:24.690 +08 [42128] FATAL:  database 41532 does not exist
2026-01-16 13:42:33.187 +08 [26836] FATAL:  database 37728 does not exist
2026-01-16 13:43:24.695 +08 [1884] FATAL:  database 41532 does not exist
2026-01-16 13:43:33.186 +08 [36688] FATAL:  database 37728 does not exist
2026-01-16 13:44:24.699 +08 [19928] FATAL:  database 41532 does not exist
2026-01-16 13:44:33.210 +08 [16336] FATAL:  database 37728 does not exist
2026-01-16 13:45:24.707 +08 [1328] FATAL:  database 41532 does not exist
2026-01-16 13:45:33.236 +08 [40528] FATAL:  database 37728 does not exist
2026-01-16 13:46:24.702 +08 [3668] FATAL:  database 41532 does not exist
2026-01-16 13:46:33.258 +08 [15552] FATAL:  database 37728 does not exist
2026-01-16 13:47:24.691 +08 [15248] FATAL:  database 41532 does not exist
2026-01-16 13:47:33.224 +08 [40240] FATAL:  database 37728 does not exist
2026-01-16 13:48:24.711 +08 [9096] FATAL:  database 41532 does not exist
2026-01-16 13:48:33.219 +08 [25000] FATAL:  database 37728 does not exist
2026-01-16 13:49:24.718 +08 [41672] FATAL:  database 41532 does not exist
2026-01-16 13:49:33.353 +08 [41608] FATAL:  database 37728 does not exist
2026-01-16 13:50:24.724 +08 [21952] FATAL:  database 41532 does not exist
2026-01-16 13:50:33.350 +08 [34164] FATAL:  database 37728 does not exist
2026-01-16 13:51:24.734 +08 [18552] FATAL:  database 41532 does not exist
2026-01-16 13:51:33.366 +08 [11540] FATAL:  database 37728 does not exist
2026-01-16 13:52:24.727 +08 [20556] FATAL:  database 41532 does not exist
2026-01-16 13:52:33.370 +08 [27072] FATAL:  database 37728 does not exist
2026-01-16 13:53:24.719 +08 [42856] FATAL:  database 41532 does not exist
2026-01-16 13:53:33.383 +08 [17484] FATAL:  database 37728 does not exist
2026-01-16 13:54:24.753 +08 [29284] FATAL:  database 41532 does not exist
2026-01-16 13:54:33.399 +08 [22084] FATAL:  database 37728 does not exist
2026-01-16 13:55:24.768 +08 [31200] FATAL:  database 41532 does not exist
2026-01-16 13:55:33.404 +08 [34784] FATAL:  database 37728 does not exist
2026-01-16 13:56:24.778 +08 [40536] FATAL:  database 41532 does not exist
2026-01-16 13:56:33.417 +08 [22032] FATAL:  database 37728 does not exist
2026-01-16 13:57:24.775 +08 [29228] FATAL:  database 41532 does not exist
2026-01-16 13:57:33.396 +08 [28336] FATAL:  database 37728 does not exist
2026-01-16 13:58:24.766 +08 [12572] FATAL:  database 41532 does not exist
2026-01-16 13:58:33.427 +08 [41548] FATAL:  database 37728 does not exist
2026-01-16 13:59:24.774 +08 [42652] FATAL:  database 41532 does not exist
2026-01-16 13:59:33.409 +08 [17232] FATAL:  database 37728 does not exist
2026-01-16 14:00:24.772 +08 [21408] FATAL:  database 41532 does not exist
2026-01-16 14:00:33.442 +08 [15860] FATAL:  database 37728 does not exist
2026-01-16 14:01:24.793 +08 [42796] FATAL:  database 41532 does not exist
2026-01-16 14:01:33.457 +08 [25008] FATAL:  database 37728 does not exist
2026-01-16 14:02:24.808 +08 [24112] FATAL:  database 41532 does not exist
2026-01-16 14:02:33.459 +08 [8596] FATAL:  database 37728 does not exist
2026-01-16 14:03:24.808 +08 [15456] FATAL:  database 41532 does not exist
2026-01-16 14:03:33.472 +08 [7868] FATAL:  database 37728 does not exist
2026-01-16 14:04:24.821 +08 [9096] FATAL:  database 41532 does not exist
2026-01-16 14:04:33.481 +08 [30176] FATAL:  database 37728 does not exist
2026-01-16 14:05:24.832 +08 [23608] FATAL:  database 41532 does not exist
2026-01-16 14:05:33.494 +08 [13712] FATAL:  database 37728 does not exist
2026-01-16 14:06:24.844 +08 [11580] FATAL:  database 41532 does not exist
2026-01-16 14:06:33.502 +08 [41272] FATAL:  database 37728 does not exist
2026-01-16 14:07:24.846 +08 [40584] FATAL:  database 41532 does not exist
2026-01-16 14:07:33.517 +08 [26824] FATAL:  database 37728 does not exist
2026-01-16 14:08:24.859 +08 [29008] FATAL:  database 41532 does not exist
2026-01-16 14:08:33.521 +08 [24596] FATAL:  database 37728 does not exist
2026-01-16 14:09:24.867 +08 [32124] FATAL:  database 41532 does not exist
2026-01-16 14:09:33.531 +08 [36996] FATAL:  database 37728 does not exist
2026-01-16 14:10:24.881 +08 [10568] FATAL:  database 41532 does not exist
2026-01-16 14:10:33.641 +08 [4004] FATAL:  database 37728 does not exist
2026-01-16 14:11:24.897 +08 [26220] FATAL:  database 41532 does not exist
2026-01-16 14:11:33.649 +08 [38332] FATAL:  database 37728 does not exist
2026-01-16 14:12:24.881 +08 [18492] FATAL:  database 41532 does not exist
2026-01-16 14:12:33.641 +08 [27400] FATAL:  database 37728 does not exist
2026-01-16 14:13:24.897 +08 [5252] FATAL:  database 41532 does not exist
2026-01-16 14:13:33.660 +08 [17808] FATAL:  database 37728 does not exist
2026-01-16 14:14:24.902 +08 [11196] FATAL:  database 41532 does not exist
2026-01-16 14:14:33.664 +08 [41376] FATAL:  database 37728 does not exist
2026-01-16 14:15:25.009 +08 [9344] FATAL:  database 41532 does not exist
2026-01-16 14:15:33.661 +08 [39888] FATAL:  database 37728 does not exist
2026-01-16 14:16:25.049 +08 [35680] FATAL:  database 41532 does not exist
2026-01-16 14:16:33.677 +08 [20520] FATAL:  database 37728 does not exist
2026-01-16 14:17:25.033 +08 [4948] FATAL:  database 41532 does not exist
2026-01-16 14:17:33.689 +08 [41892] FATAL:  database 37728 does not exist
2026-01-16 14:18:25.039 +08 [19092] FATAL:  database 41532 does not exist
2026-01-16 14:18:33.686 +08 [1312] FATAL:  database 37728 does not exist
2026-01-16 14:19:25.026 +08 [42412] FATAL:  database 41532 does not exist
2026-01-16 14:19:33.685 +08 [36240] FATAL:  database 37728 does not exist
2026-01-16 14:20:25.155 +08 [32488] FATAL:  database 41532 does not exist
2026-01-16 14:20:33.681 +08 [25812] FATAL:  database 37728 does not exist
2026-01-16 14:21:25.164 +08 [25900] FATAL:  database 41532 does not exist
2026-01-16 14:21:33.696 +08 [33364] FATAL:  database 37728 does not exist
2026-01-16 14:22:25.157 +08 [27164] FATAL:  database 41532 does not exist
2026-01-16 14:22:33.697 +08 [39196] FATAL:  database 37728 does not exist
2026-01-16 14:23:25.169 +08 [23604] FATAL:  database 41532 does not exist
2026-01-16 14:23:33.717 +08 [38864] FATAL:  database 37728 does not exist
2026-01-16 14:24:25.159 +08 [34728] FATAL:  database 41532 does not exist
2026-01-16 14:24:33.697 +08 [30056] FATAL:  database 37728 does not exist
2026-01-16 14:25:25.173 +08 [40240] FATAL:  database 41532 does not exist
2026-01-16 14:25:33.725 +08 [41424] FATAL:  database 37728 does not exist
2026-01-16 14:26:25.179 +08 [31328] FATAL:  database 41532 does not exist
2026-01-16 14:26:33.742 +08 [33924] FATAL:  database 37728 does not exist
2026-01-16 14:27:25.316 +08 [15484] FATAL:  database 41532 does not exist
2026-01-16 14:27:33.734 +08 [16492] FATAL:  database 37728 does not exist
2026-01-16 14:28:25.191 +08 [37256] FATAL:  database 41532 does not exist
2026-01-16 14:28:33.722 +08 [9096] FATAL:  database 37728 does not exist
2026-01-16 14:29:25.216 +08 [23604] FATAL:  database 41532 does not exist
2026-01-16 14:29:33.755 +08 [42948] FATAL:  database 37728 does not exist
2026-01-16 14:30:25.235 +08 [21808] FATAL:  database 41532 does not exist
2026-01-16 14:30:33.765 +08 [39004] FATAL:  database 37728 does not exist
2026-01-16 14:31:25.230 +08 [26080] FATAL:  database 41532 does not exist
2026-01-16 14:31:33.764 +08 [26372] FATAL:  database 37728 does not exist
2026-01-16 14:32:25.226 +08 [444] FATAL:  database 41532 does not exist
2026-01-16 14:32:33.745 +08 [5772] FATAL:  database 37728 does not exist
2026-01-16 14:33:25.245 +08 [40376] FATAL:  database 41532 does not exist
2026-01-16 14:33:33.776 +08 [15576] FATAL:  database 37728 does not exist
2026-01-16 14:34:25.273 +08 [20012] FATAL:  database 41532 does not exist
2026-01-16 14:34:33.782 +08 [38376] FATAL:  database 37728 does not exist
2026-01-16 14:35:25.276 +08 [39368] FATAL:  database 41532 does not exist
2026-01-16 14:35:33.792 +08 [28948] FATAL:  database 37728 does not exist
2026-01-16 14:36:25.298 +08 [31628] FATAL:  database 41532 does not exist
2026-01-16 14:36:33.763 +08 [31912] FATAL:  database 37728 does not exist
2026-01-16 14:37:25.281 +08 [42856] FATAL:  database 41532 does not exist
2026-01-16 14:37:33.764 +08 [21100] FATAL:  database 37728 does not exist
2026-01-16 14:38:25.317 +08 [9168] FATAL:  database 41532 does not exist
2026-01-16 14:38:33.802 +08 [7596] FATAL:  database 37728 does not exist
2026-01-16 14:39:25.307 +08 [35468] FATAL:  database 41532 does not exist
2026-01-16 14:39:33.801 +08 [42948] FATAL:  database 37728 does not exist
2026-01-16 14:40:25.318 +08 [34376] FATAL:  database 41532 does not exist
2026-01-16 14:40:33.823 +08 [26556] FATAL:  database 37728 does not exist
2026-01-16 14:41:25.339 +08 [5056] FATAL:  database 41532 does not exist
2026-01-16 14:41:33.822 +08 [28544] FATAL:  database 37728 does not exist
2026-01-16 14:42:25.350 +08 [8908] FATAL:  database 41532 does not exist
2026-01-16 14:42:33.833 +08 [9168] FATAL:  database 37728 does not exist
2026-01-16 14:43:25.353 +08 [41696] FATAL:  database 41532 does not exist
2026-01-16 14:43:33.820 +08 [39212] FATAL:  database 37728 does not exist
2026-01-16 14:44:25.367 +08 [22496] FATAL:  database 41532 does not exist
2026-01-16 14:44:33.854 +08 [4236] FATAL:  database 37728 does not exist
2026-01-16 14:45:25.374 +08 [3644] FATAL:  database 41532 does not exist
2026-01-16 14:45:33.847 +08 [36344] FATAL:  database 37728 does not exist
2026-01-16 14:46:25.348 +08 [40644] FATAL:  database 41532 does not exist
2026-01-16 14:46:33.850 +08 [27028] FATAL:  database 37728 does not exist
2026-01-16 14:47:25.359 +08 [19188] FATAL:  database 41532 does not exist
2026-01-16 14:47:33.858 +08 [42884] FATAL:  database 37728 does not exist
2026-01-16 14:48:25.382 +08 [41184] FATAL:  database 41532 does not exist
2026-01-16 14:48:33.878 +08 [33092] FATAL:  database 37728 does not exist
2026-01-16 14:49:25.362 +08 [34800] FATAL:  database 41532 does not exist
2026-01-16 14:49:33.889 +08 [25860] FATAL:  database 37728 does not exist
2026-01-16 14:50:25.363 +08 [3984] FATAL:  database 41532 does not exist
2026-01-16 14:50:33.872 +08 [41012] FATAL:  database 37728 does not exist
2026-01-16 14:51:25.384 +08 [42904] FATAL:  database 41532 does not exist
2026-01-16 14:51:33.908 +08 [2008] FATAL:  database 37728 does not exist
2026-01-16 14:52:25.410 +08 [36300] FATAL:  database 41532 does not exist
2026-01-16 14:52:33.919 +08 [3760] FATAL:  database 37728 does not exist
2026-01-16 14:53:25.428 +08 [32012] FATAL:  database 41532 does not exist
2026-01-16 14:53:33.921 +08 [16072] FATAL:  database 37728 does not exist
2026-01-16 14:54:25.408 +08 [21084] FATAL:  database 41532 does not exist
2026-01-16 14:54:33.923 +08 [20292] FATAL:  database 37728 does not exist
2026-01-16 14:55:25.420 +08 [5744] FATAL:  database 41532 does not exist
2026-01-16 14:55:33.930 +08 [20108] FATAL:  database 37728 does not exist
2026-01-16 14:56:25.445 +08 [33624] FATAL:  database 41532 does not exist
2026-01-16 14:56:33.935 +08 [11276] FATAL:  database 37728 does not exist
2026-01-16 14:57:25.454 +08 [12200] FATAL:  database 41532 does not exist
2026-01-16 14:57:33.966 +08 [8040] FATAL:  database 37728 does not exist
2026-01-16 14:58:25.457 +08 [41524] FATAL:  database 41532 does not exist
2026-01-16 14:58:33.982 +08 [29992] FATAL:  database 37728 does not exist
2026-01-16 14:59:25.456 +08 [42448] FATAL:  database 41532 does not exist
2026-01-16 14:59:33.970 +08 [30180] FATAL:  database 37728 does not exist
2026-01-16 15:00:25.448 +08 [2396] FATAL:  database 41532 does not exist
2026-01-16 15:00:33.982 +08 [8856] FATAL:  database 37728 does not exist
2026-01-16 15:01:25.483 +08 [42008] FATAL:  database 41532 does not exist
2026-01-16 15:01:34.012 +08 [17256] FATAL:  database 37728 does not exist
2026-01-16 15:02:25.496 +08 [20012] FATAL:  database 41532 does not exist
2026-01-16 15:02:34.021 +08 [39720] FATAL:  database 37728 does not exist
2026-01-16 15:03:25.483 +08 [14112] FATAL:  database 41532 does not exist
2026-01-16 15:03:34.020 +08 [10056] FATAL:  database 37728 does not exist
2026-01-16 15:04:25.501 +08 [28064] FATAL:  database 41532 does not exist
2026-01-16 15:04:34.034 +08 [29752] FATAL:  database 37728 does not exist
2026-01-16 15:05:25.499 +08 [34728] FATAL:  database 41532 does not exist
2026-01-16 15:05:34.045 +08 [32716] FATAL:  database 37728 does not exist
2026-01-16 15:06:25.527 +08 [21952] FATAL:  database 41532 does not exist
2026-01-16 15:06:34.054 +08 [20060] FATAL:  database 37728 does not exist
2026-01-16 15:07:25.521 +08 [31920] FATAL:  database 41532 does not exist
2026-01-16 15:07:34.069 +08 [38668] FATAL:  database 37728 does not exist
2026-01-16 15:08:25.522 +08 [19280] FATAL:  database 41532 does not exist
2026-01-16 15:08:34.073 +08 [3980] FATAL:  database 37728 does not exist
2026-01-16 15:09:25.535 +08 [5404] FATAL:  database 41532 does not exist
2026-01-16 15:09:34.156 +08 [20656] FATAL:  database 37728 does not exist
2026-01-16 15:10:25.555 +08 [40052] FATAL:  database 41532 does not exist
2026-01-16 15:10:34.179 +08 [1360] FATAL:  database 37728 does not exist
2026-01-16 15:11:25.560 +08 [11968] FATAL:  database 41532 does not exist
2026-01-16 15:11:34.193 +08 [41964] FATAL:  database 37728 does not exist
2026-01-16 15:12:25.551 +08 [25148] FATAL:  database 41532 does not exist
2026-01-16 15:12:34.199 +08 [5616] FATAL:  database 37728 does not exist
2026-01-16 15:13:25.570 +08 [42920] FATAL:  database 41532 does not exist
2026-01-16 15:13:34.208 +08 [16744] FATAL:  database 37728 does not exist
2026-01-16 15:14:25.544 +08 [15716] FATAL:  database 41532 does not exist
2026-01-16 15:14:34.207 +08 [25080] FATAL:  database 37728 does not exist
2026-01-16 15:15:25.585 +08 [10432] FATAL:  database 41532 does not exist
2026-01-16 15:15:34.293 +08 [13008] FATAL:  database 37728 does not exist
2026-01-16 15:16:25.590 +08 [41812] FATAL:  database 41532 does not exist
2026-01-16 15:16:34.318 +08 [33364] FATAL:  database 37728 does not exist
2026-01-16 15:17:25.569 +08 [17812] FATAL:  database 41532 does not exist
2026-01-16 15:17:34.298 +08 [26248] FATAL:  database 37728 does not exist
2026-01-16 15:18:25.607 +08 [20620] FATAL:  database 41532 does not exist
2026-01-16 15:18:34.336 +08 [34868] FATAL:  database 37728 does not exist
2026-01-16 15:19:25.611 +08 [20292] FATAL:  database 41532 does not exist
2026-01-16 15:19:34.347 +08 [16024] FATAL:  database 37728 does not exist
2026-01-16 15:20:25.721 +08 [41636] FATAL:  database 41532 does not exist
2026-01-16 15:20:34.353 +08 [18892] FATAL:  database 37728 does not exist
2026-01-16 15:21:25.719 +08 [37244] FATAL:  database 41532 does not exist
2026-01-16 15:21:34.368 +08 [3924] FATAL:  database 37728 does not exist
2026-01-16 15:22:25.724 +08 [11056] FATAL:  database 41532 does not exist
2026-01-16 15:22:34.376 +08 [36292] FATAL:  database 37728 does not exist
2026-01-16 15:23:25.720 +08 [42500] FATAL:  database 41532 does not exist
2026-01-16 15:23:34.473 +08 [41672] FATAL:  database 37728 does not exist
2026-01-16 15:24:25.738 +08 [42340] FATAL:  database 41532 does not exist
2026-01-16 15:24:34.478 +08 [35388] FATAL:  database 37728 does not exist
2026-01-16 15:25:25.755 +08 [27960] FATAL:  database 41532 does not exist
2026-01-16 15:25:34.514 +08 [30576] FATAL:  database 37728 does not exist
2026-01-16 15:26:25.768 +08 [41904] FATAL:  database 41532 does not exist
2026-01-16 15:26:34.504 +08 [32852] FATAL:  database 37728 does not exist
2026-01-16 15:27:25.772 +08 [42892] FATAL:  database 41532 does not exist
2026-01-16 15:27:34.515 +08 [39880] FATAL:  database 37728 does not exist
2026-01-16 15:28:25.769 +08 [1588] FATAL:  database 41532 does not exist
2026-01-16 15:28:34.500 +08 [25660] FATAL:  database 37728 does not exist
2026-01-16 15:29:25.783 +08 [39452] FATAL:  database 41532 does not exist
2026-01-16 15:29:34.522 +08 [42836] FATAL:  database 37728 does not exist
2026-01-16 15:30:25.790 +08 [4716] FATAL:  database 41532 does not exist
2026-01-16 15:30:34.537 +08 [18684] FATAL:  database 37728 does not exist
2026-01-16 15:31:25.774 +08 [30880] FATAL:  database 41532 does not exist
2026-01-16 15:31:34.538 +08 [3936] FATAL:  database 37728 does not exist
2026-01-16 15:32:25.782 +08 [13008] FATAL:  database 41532 does not exist
2026-01-16 15:32:34.530 +08 [42412] FATAL:  database 37728 does not exist
2026-01-16 15:33:25.818 +08 [20140] FATAL:  database 41532 does not exist
2026-01-16 15:33:34.563 +08 [36940] FATAL:  database 37728 does not exist
2026-01-16 15:34:25.830 +08 [11364] FATAL:  database 41532 does not exist
2026-01-16 15:34:34.567 +08 [41772] FATAL:  database 37728 does not exist
2026-01-16 15:35:25.811 +08 [21532] FATAL:  database 41532 does not exist
2026-01-16 15:35:34.553 +08 [42000] FATAL:  database 37728 does not exist
2026-01-16 15:36:25.837 +08 [25784] FATAL:  database 41532 does not exist
2026-01-16 15:36:34.585 +08 [16472] FATAL:  database 37728 does not exist
2026-01-16 15:37:25.849 +08 [41936] FATAL:  database 41532 does not exist
2026-01-16 15:37:34.595 +08 [452] FATAL:  database 37728 does not exist
2026-01-16 15:38:25.860 +08 [30596] FATAL:  database 41532 does not exist
2026-01-16 15:38:34.605 +08 [42380] FATAL:  database 37728 does not exist
2026-01-16 15:38:46.569 +08 [23064] ERROR:  could not open relation with OID 2678
2026-01-16 15:38:46.569 +08 [23064] STATEMENT:  
	        SELECT p.provolatile
	        FROM pg_proc p
	            LEFT JOIN pg_catalog.pg_namespace ns ON p.pronamespace = ns.oid
	        WHERE p.proname = 'unaccent'
	              AND p.pronargs = 1
	              AND ns.nspname = 'public'
	    
2026-01-16 15:38:56.690 +08 [23064] ERROR:  could not open relation with OID 2678
2026-01-16 15:38:56.690 +08 [23064] STATEMENT:  
	        SELECT p.provolatile
	        FROM pg_proc p
	            LEFT JOIN pg_catalog.pg_namespace ns ON p.pronamespace = ns.oid
	        WHERE p.proname = 'unaccent'
	              AND p.pronargs = 1
	              AND ns.nspname = 'public'
	    
2026-01-16 15:39:25.845 +08 [22656] FATAL:  database 41532 does not exist
2026-01-16 15:39:34.588 +08 [42060] FATAL:  database 37728 does not exist
2026-01-16 15:40:25.844 +08 [26912] FATAL:  database 41532 does not exist
2026-01-16 15:40:34.604 +08 [29168] FATAL:  database 37728 does not exist
2026-01-16 15:41:25.979 +08 [40432] FATAL:  database 41532 does not exist
2026-01-16 15:41:34.621 +08 [42448] FATAL:  database 37728 does not exist
2026-01-16 15:42:25.982 +08 [26844] FATAL:  database 41532 does not exist
2026-01-16 15:42:34.746 +08 [25220] FATAL:  database 37728 does not exist
2026-01-16 15:43:25.978 +08 [41976] FATAL:  database 41532 does not exist
2026-01-16 15:43:34.736 +08 [35828] FATAL:  database 37728 does not exist
2026-01-16 15:44:25.989 +08 [36836] FATAL:  database 41532 does not exist
2026-01-16 15:44:34.766 +08 [25096] FATAL:  database 37728 does not exist
2026-01-16 15:45:26.003 +08 [1796] FATAL:  database 41532 does not exist
2026-01-16 15:45:34.766 +08 [9376] FATAL:  database 37728 does not exist
2026-01-16 15:45:37.332 +08 [23064] ERROR:  could not open relation with OID 2678
2026-01-16 15:45:37.332 +08 [23064] STATEMENT:  
	        SELECT p.provolatile
	        FROM pg_proc p
	            LEFT JOIN pg_catalog.pg_namespace ns ON p.pronamespace = ns.oid
	        WHERE p.proname = 'unaccent'
	              AND p.pronargs = 1
	              AND ns.nspname = 'public'
	    
2026-01-16 15:45:37.348 +08 [23064] ERROR:  could not open relation with OID 2678
2026-01-16 15:45:37.348 +08 [23064] STATEMENT:  
	        SELECT p.provolatile
	        FROM pg_proc p
	            LEFT JOIN pg_catalog.pg_namespace ns ON p.pronamespace = ns.oid
	        WHERE p.proname = 'unaccent'
	              AND p.pronargs = 1
	              AND ns.nspname = 'public'
	    
2026-01-16 15:46:25.984 +08 [3148] FATAL:  database 41532 does not exist
2026-01-16 15:46:34.775 +08 [3572] FATAL:  database 37728 does not exist
2026-01-16 15:46:57.773 +08 [23064] ERROR:  could not open relation with OID 2678
2026-01-16 15:46:57.773 +08 [23064] STATEMENT:  
	        SELECT p.provolatile
	        FROM pg_proc p
	            LEFT JOIN pg_catalog.pg_namespace ns ON p.pronamespace = ns.oid
	        WHERE p.proname = 'unaccent'
	              AND p.pronargs = 1
	              AND ns.nspname = 'public'
	    
2026-01-16 15:47:25.981 +08 [10792] FATAL:  database 41532 does not exist
2026-01-16 15:47:34.796 +08 [24324] FATAL:  database 37728 does not exist
2026-01-16 15:48:26.006 +08 [10120] FATAL:  database 41532 does not exist
2026-01-16 15:48:34.772 +08 [42232] FATAL:  database 37728 does not exist
2026-01-16 15:49:26.021 +08 [4296] FATAL:  database 41532 does not exist
2026-01-16 15:49:34.804 +08 [17636] FATAL:  database 37728 does not exist
2026-01-16 15:50:26.019 +08 [10268] FATAL:  database 41532 does not exist
2026-01-16 15:50:34.805 +08 [42700] FATAL:  database 37728 does not exist
2026-01-16 15:51:26.026 +08 [42296] FATAL:  database 41532 does not exist
2026-01-16 15:51:34.826 +08 [42592] FATAL:  database 37728 does not exist
2026-01-16 15:52:26.151 +08 [40268] FATAL:  database 41532 does not exist
2026-01-16 15:52:34.837 +08 [42592] FATAL:  database 37728 does not exist
2026-01-16 15:53:26.047 +08 [40636] FATAL:  database 41532 does not exist
2026-01-16 15:53:34.838 +08 [20680] FATAL:  database 37728 does not exist
2026-01-16 15:54:26.052 +08 [21536] FATAL:  database 41532 does not exist
2026-01-16 15:54:34.857 +08 [34264] FATAL:  database 37728 does not exist
2026-01-16 15:55:26.072 +08 [20620] FATAL:  database 41532 does not exist
2026-01-16 15:55:34.855 +08 [42448] FATAL:  database 37728 does not exist
2026-01-16 15:56:26.176 +08 [34008] FATAL:  database 41532 does not exist
2026-01-16 15:56:34.864 +08 [30688] FATAL:  database 37728 does not exist
2026-01-16 15:57:26.153 +08 [34220] FATAL:  database 41532 does not exist
2026-01-16 15:57:34.853 +08 [31724] FATAL:  database 37728 does not exist
2026-01-16 15:58:26.149 +08 [13980] FATAL:  database 41532 does not exist
2026-01-16 15:58:34.856 +08 [28572] FATAL:  database 37728 does not exist
2026-01-16 15:59:26.176 +08 [39116] FATAL:  database 41532 does not exist
2026-01-16 15:59:34.882 +08 [16528] FATAL:  database 37728 does not exist
2026-01-16 16:00:26.191 +08 [41364] FATAL:  database 41532 does not exist
2026-01-16 16:00:34.899 +08 [23216] FATAL:  database 37728 does not exist
2026-01-16 16:01:26.170 +08 [1700] FATAL:  database 41532 does not exist
2026-01-16 16:01:34.893 +08 [8236] FATAL:  database 37728 does not exist
2026-01-16 16:02:26.195 +08 [31080] FATAL:  database 41532 does not exist
2026-01-16 16:02:34.886 +08 [14944] FATAL:  database 37728 does not exist
2026-01-16 16:03:26.223 +08 [36328] FATAL:  database 41532 does not exist
2026-01-16 16:03:34.907 +08 [37532] FATAL:  database 37728 does not exist
2026-01-16 16:04:26.220 +08 [36664] FATAL:  database 41532 does not exist
2026-01-16 16:04:34.908 +08 [2324] FATAL:  database 37728 does not exist
2026-01-16 16:05:26.236 +08 [14736] FATAL:  database 41532 does not exist
2026-01-16 16:05:34.911 +08 [28844] FATAL:  database 37728 does not exist
2026-01-16 16:06:26.252 +08 [28860] FATAL:  database 41532 does not exist
2026-01-16 16:06:34.933 +08 [13272] FATAL:  database 37728 does not exist
2026-01-16 16:07:26.263 +08 [41956] FATAL:  database 41532 does not exist
2026-01-16 16:07:34.950 +08 [38888] FATAL:  database 37728 does not exist
2026-01-16 16:08:26.366 +08 [37592] FATAL:  database 41532 does not exist
2026-01-16 16:08:34.943 +08 [30716] FATAL:  database 37728 does not exist
2026-01-16 16:09:26.377 +08 [4232] FATAL:  database 41532 does not exist
2026-01-16 16:09:34.930 +08 [41224] FATAL:  database 37728 does not exist
2026-01-16 16:10:26.381 +08 [29284] FATAL:  database 41532 does not exist
2026-01-16 16:10:34.958 +08 [20360] FATAL:  database 37728 does not exist
2026-01-16 16:11:26.375 +08 [2272] FATAL:  database 41532 does not exist
2026-01-16 16:11:34.957 +08 [11100] FATAL:  database 37728 does not exist
2026-01-16 16:12:26.394 +08 [29972] FATAL:  database 41532 does not exist
2026-01-16 16:12:34.980 +08 [35916] FATAL:  database 37728 does not exist
2026-01-16 16:13:26.402 +08 [2620] FATAL:  database 41532 does not exist
2026-01-16 16:13:34.987 +08 [8680] FATAL:  database 37728 does not exist
2026-01-16 16:14:26.408 +08 [17960] FATAL:  database 41532 does not exist
2026-01-16 16:14:35.004 +08 [11372] FATAL:  database 37728 does not exist
2026-01-16 16:15:26.425 +08 [31104] FATAL:  database 41532 does not exist
2026-01-16 16:15:35.003 +08 [34008] FATAL:  database 37728 does not exist
2026-01-16 16:16:26.438 +08 [37192] FATAL:  database 41532 does not exist
2026-01-16 16:16:35.029 +08 [42740] FATAL:  database 37728 does not exist
2026-01-16 16:17:26.419 +08 [6764] FATAL:  database 41532 does not exist
2026-01-16 16:17:35.008 +08 [1924] FATAL:  database 37728 does not exist
2026-01-16 16:18:26.432 +08 [26044] FATAL:  database 41532 does not exist
2026-01-16 16:18:35.051 +08 [20272] FATAL:  database 37728 does not exist
2026-01-16 16:19:26.553 +08 [21876] FATAL:  database 41532 does not exist
2026-01-16 16:19:35.038 +08 [20608] FATAL:  database 37728 does not exist
2026-01-16 16:20:26.554 +08 [25460] FATAL:  database 41532 does not exist
2026-01-16 16:20:35.048 +08 [25412] FATAL:  database 37728 does not exist
2026-01-16 16:21:26.558 +08 [42956] FATAL:  database 41532 does not exist
2026-01-16 16:21:35.031 +08 [14908] FATAL:  database 37728 does not exist
2026-01-16 16:22:26.565 +08 [12212] FATAL:  database 41532 does not exist
2026-01-16 16:22:35.044 +08 [41516] FATAL:  database 37728 does not exist
2026-01-16 16:23:26.580 +08 [42824] FATAL:  database 41532 does not exist
2026-01-16 16:23:35.051 +08 [19964] FATAL:  database 37728 does not exist
2026-01-16 16:24:26.589 +08 [20860] FATAL:  database 41532 does not exist
2026-01-16 16:24:35.064 +08 [12784] FATAL:  database 37728 does not exist
2026-01-16 16:25:26.604 +08 [23640] FATAL:  database 41532 does not exist
2026-01-16 16:25:35.076 +08 [20608] FATAL:  database 37728 does not exist
2026-01-16 16:26:26.619 +08 [14432] FATAL:  database 41532 does not exist
2026-01-16 16:26:35.191 +08 [42600] FATAL:  database 37728 does not exist
2026-01-16 16:27:26.599 +08 [38424] FATAL:  database 41532 does not exist
2026-01-16 16:27:35.180 +08 [41856] FATAL:  database 37728 does not exist
2026-01-16 16:28:26.623 +08 [40116] FATAL:  database 41532 does not exist
2026-01-16 16:28:35.199 +08 [8692] FATAL:  database 37728 does not exist
2026-01-16 16:29:26.626 +08 [29540] FATAL:  database 41532 does not exist
2026-01-16 16:29:35.200 +08 [24916] FATAL:  database 37728 does not exist
2026-01-16 16:30:26.645 +08 [23544] FATAL:  database 41532 does not exist
2026-01-16 16:30:35.322 +08 [26552] FATAL:  database 37728 does not exist
2026-01-16 16:31:26.631 +08 [39480] FATAL:  database 41532 does not exist
2026-01-16 16:31:35.331 +08 [28880] FATAL:  database 37728 does not exist
2026-01-16 16:32:26.653 +08 [10488] FATAL:  database 41532 does not exist
2026-01-16 16:32:35.336 +08 [5972] FATAL:  database 37728 does not exist
2026-01-16 16:33:26.654 +08 [31176] FATAL:  database 41532 does not exist
2026-01-16 16:33:35.348 +08 [23036] FATAL:  database 37728 does not exist
2026-01-16 16:34:26.662 +08 [34624] FATAL:  database 41532 does not exist
2026-01-16 16:34:35.363 +08 [36056] FATAL:  database 37728 does not exist
2026-01-16 16:35:26.657 +08 [15160] FATAL:  database 41532 does not exist
2026-01-16 16:35:35.368 +08 [14476] FATAL:  database 37728 does not exist
2026-01-16 16:36:26.643 +08 [22760] FATAL:  database 41532 does not exist
2026-01-16 16:36:35.365 +08 [15780] FATAL:  database 37728 does not exist
2026-01-16 16:37:26.687 +08 [29076] FATAL:  database 41532 does not exist
2026-01-16 16:37:35.376 +08 [20680] FATAL:  database 37728 does not exist
2026-01-16 16:38:26.690 +08 [17036] FATAL:  database 41532 does not exist
2026-01-16 16:38:35.384 +08 [41516] FATAL:  database 37728 does not exist
2026-01-16 16:39:26.706 +08 [18388] FATAL:  database 41532 does not exist
2026-01-16 16:39:35.389 +08 [13008] FATAL:  database 37728 does not exist
2026-01-16 16:40:26.723 +08 [27880] FATAL:  database 41532 does not exist
2026-01-16 16:40:35.391 +08 [29284] FATAL:  database 37728 does not exist
2026-01-16 16:41:26.740 +08 [32804] FATAL:  database 41532 does not exist
2026-01-16 16:41:35.413 +08 [39008] FATAL:  database 37728 does not exist
2026-01-16 16:42:26.728 +08 [10444] FATAL:  database 41532 does not exist
2026-01-16 16:42:35.414 +08 [38864] FATAL:  database 37728 does not exist
2026-01-16 16:43:26.751 +08 [2864] FATAL:  database 41532 does not exist
2026-01-16 16:43:35.413 +08 [29088] FATAL:  database 37728 does not exist
2026-01-16 16:44:26.744 +08 [2864] FATAL:  database 41532 does not exist
2026-01-16 16:44:35.406 +08 [40396] FATAL:  database 37728 does not exist
2026-01-16 16:45:26.759 +08 [24960] FATAL:  database 41532 does not exist
2026-01-16 16:45:35.407 +08 [22536] FATAL:  database 37728 does not exist
2026-01-16 16:46:26.742 +08 [15788] FATAL:  database 41532 does not exist
2026-01-16 16:46:35.410 +08 [42216] FATAL:  database 37728 does not exist
2026-01-16 16:47:26.768 +08 [8692] FATAL:  database 41532 does not exist
2026-01-16 16:47:35.440 +08 [21944] FATAL:  database 37728 does not exist
2026-01-16 16:48:26.792 +08 [34220] FATAL:  database 41532 does not exist
2026-01-16 16:48:35.449 +08 [10204] FATAL:  database 37728 does not exist
2026-01-16 16:49:26.785 +08 [20576] FATAL:  database 41532 does not exist
2026-01-16 16:49:35.457 +08 [30124] FATAL:  database 37728 does not exist
2026-01-16 16:50:26.791 +08 [33336] FATAL:  database 41532 does not exist
2026-01-16 16:50:35.473 +08 [41020] FATAL:  database 37728 does not exist
2026-01-16 16:51:26.788 +08 [38512] FATAL:  database 41532 does not exist
2026-01-16 16:51:35.470 +08 [15944] FATAL:  database 37728 does not exist
2026-01-16 16:52:26.883 +08 [2064] FATAL:  database 41532 does not exist
2026-01-16 16:52:35.484 +08 [39492] FATAL:  database 37728 does not exist
2026-01-16 16:53:26.904 +08 [41912] FATAL:  database 41532 does not exist
2026-01-16 16:53:35.600 +08 [34700] FATAL:  database 37728 does not exist
2026-01-16 16:54:26.891 +08 [34392] FATAL:  database 41532 does not exist
2026-01-16 16:54:35.466 +08 [30412] FATAL:  database 37728 does not exist
2026-01-16 16:55:26.921 +08 [19416] FATAL:  database 41532 does not exist
2026-01-16 16:55:35.493 +08 [24060] FATAL:  database 37728 does not exist
2026-01-16 16:56:27.020 +08 [8424] FATAL:  database 41532 does not exist
2026-01-16 16:56:35.573 +08 [37552] FATAL:  database 37728 does not exist
2026-01-16 16:57:27.063 +08 [23444] FATAL:  database 41532 does not exist
2026-01-16 16:57:35.513 +08 [41760] FATAL:  database 37728 does not exist
2026-01-16 16:58:27.072 +08 [22572] FATAL:  database 41532 does not exist
2026-01-16 16:58:35.513 +08 [31296] FATAL:  database 37728 does not exist
2026-01-16 16:59:27.031 +08 [13852] FATAL:  database 41532 does not exist
2026-01-16 16:59:35.543 +08 [21332] FATAL:  database 37728 does not exist
2026-01-16 17:00:27.199 +08 [8600] FATAL:  database 41532 does not exist
2026-01-16 17:00:35.560 +08 [12000] FATAL:  database 37728 does not exist
2026-01-16 17:01:27.112 +08 [36560] FATAL:  database 41532 does not exist
2026-01-16 17:01:35.566 +08 [41732] FATAL:  database 37728 does not exist
2026-01-16 17:02:27.114 +08 [38548] FATAL:  database 41532 does not exist
2026-01-16 17:02:35.573 +08 [35192] FATAL:  database 37728 does not exist
2026-01-16 18:31:04.375 +08 [20080] FATAL:  database 41532 does not exist
2026-01-16 18:31:12.964 +08 [4496] FATAL:  database 37728 does not exist
2026-01-16 18:32:04.372 +08 [17732] FATAL:  database 41532 does not exist
2026-01-16 18:32:12.966 +08 [42528] FATAL:  database 37728 does not exist
2026-01-16 18:33:04.372 +08 [7716] FATAL:  database 41532 does not exist
2026-01-16 18:33:12.939 +08 [42076] FATAL:  database 37728 does not exist
2026-01-16 18:34:04.351 +08 [14124] FATAL:  database 41532 does not exist
2026-01-16 18:34:12.960 +08 [14692] FATAL:  database 37728 does not exist
2026-01-16 18:35:04.356 +08 [26324] FATAL:  database 41532 does not exist
2026-01-16 18:35:12.959 +08 [17724] FATAL:  database 37728 does not exist
2026-01-16 18:36:04.382 +08 [1216] FATAL:  database 41532 does not exist
2026-01-16 18:36:13.063 +08 [22112] FATAL:  database 37728 does not exist
2026-01-16 18:37:04.387 +08 [34592] FATAL:  database 41532 does not exist
2026-01-16 18:37:13.083 +08 [32968] FATAL:  database 37728 does not exist
2026-01-16 18:38:04.393 +08 [21800] FATAL:  database 41532 does not exist
2026-01-16 18:38:13.079 +08 [16836] FATAL:  database 37728 does not exist
2026-01-16 18:39:04.379 +08 [35432] FATAL:  database 41532 does not exist
2026-01-16 18:39:13.097 +08 [18668] FATAL:  database 37728 does not exist
2026-01-16 18:40:04.410 +08 [14736] FATAL:  database 41532 does not exist
2026-01-16 18:40:13.102 +08 [28272] FATAL:  database 37728 does not exist
2026-01-16 18:41:04.412 +08 [20960] FATAL:  database 41532 does not exist
2026-01-16 18:41:13.089 +08 [29520] FATAL:  database 37728 does not exist
2026-01-16 18:42:04.420 +08 [25836] FATAL:  database 41532 does not exist
2026-01-16 18:42:13.109 +08 [7796] FATAL:  database 37728 does not exist
2026-01-16 18:43:04.428 +08 [30300] FATAL:  database 41532 does not exist
2026-01-16 18:43:13.123 +08 [12392] FATAL:  database 37728 does not exist
2026-01-16 18:44:04.431 +08 [28000] FATAL:  database 41532 does not exist
2026-01-16 18:44:13.111 +08 [29968] FATAL:  database 37728 does not exist
2026-01-16 18:45:04.426 +08 [1676] FATAL:  database 41532 does not exist
2026-01-16 18:45:13.114 +08 [34956] FATAL:  database 37728 does not exist
2026-01-16 18:46:04.448 +08 [28228] FATAL:  database 41532 does not exist
2026-01-16 18:46:13.130 +08 [34160] FATAL:  database 37728 does not exist
2026-01-16 18:47:04.457 +08 [31852] FATAL:  database 41532 does not exist
2026-01-16 18:47:13.141 +08 [30188] FATAL:  database 37728 does not exist
2026-01-16 18:48:04.459 +08 [26112] FATAL:  database 41532 does not exist
2026-01-16 18:48:13.161 +08 [21248] FATAL:  database 37728 does not exist
2026-01-16 18:49:04.443 +08 [5996] FATAL:  database 41532 does not exist
2026-01-16 18:49:13.183 +08 [16276] FATAL:  database 37728 does not exist
2026-01-16 18:50:04.454 +08 [10428] FATAL:  database 41532 does not exist
2026-01-16 18:50:13.276 +08 [3724] FATAL:  database 37728 does not exist
2026-01-16 18:51:04.451 +08 [11540] FATAL:  database 41532 does not exist
2026-01-16 18:51:13.294 +08 [8028] FATAL:  database 37728 does not exist
2026-01-16 18:52:04.459 +08 [42040] FATAL:  database 41532 does not exist
2026-01-16 18:52:13.313 +08 [34976] FATAL:  database 37728 does not exist
2026-01-16 18:53:04.471 +08 [38076] FATAL:  database 41532 does not exist
2026-01-16 18:53:13.313 +08 [35776] FATAL:  database 37728 does not exist
2026-01-16 18:54:04.467 +08 [22216] FATAL:  database 41532 does not exist
2026-01-16 18:54:13.314 +08 [29420] FATAL:  database 37728 does not exist
2026-01-16 18:55:04.488 +08 [18768] FATAL:  database 41532 does not exist
2026-01-16 18:55:13.334 +08 [32524] FATAL:  database 37728 does not exist
2026-01-16 18:56:04.482 +08 [41432] FATAL:  database 41532 does not exist
2026-01-16 18:56:13.340 +08 [10300] FATAL:  database 37728 does not exist
2026-01-16 18:57:04.504 +08 [27512] FATAL:  database 41532 does not exist
2026-01-16 18:57:13.358 +08 [23756] FATAL:  database 37728 does not exist
2026-01-16 18:58:04.480 +08 [28292] FATAL:  database 41532 does not exist
2026-01-16 18:58:13.449 +08 [40820] FATAL:  database 37728 does not exist
2026-01-16 18:59:04.488 +08 [17704] FATAL:  database 41532 does not exist
2026-01-16 18:59:13.451 +08 [34680] FATAL:  database 37728 does not exist
2026-01-16 19:00:04.606 +08 [42568] FATAL:  database 41532 does not exist
2026-01-16 19:00:13.464 +08 [41436] FATAL:  database 37728 does not exist
2026-01-16 19:01:04.619 +08 [24488] FATAL:  database 41532 does not exist
2026-01-16 19:01:13.485 +08 [3644] FATAL:  database 37728 does not exist
2026-01-16 19:02:04.622 +08 [20548] FATAL:  database 41532 does not exist
2026-01-16 19:02:13.481 +08 [3044] FATAL:  database 37728 does not exist
2026-01-16 19:03:04.621 +08 [36324] FATAL:  database 41532 does not exist
2026-01-16 19:03:13.478 +08 [14944] FATAL:  database 37728 does not exist
2026-01-16 19:04:04.609 +08 [15328] FATAL:  database 41532 does not exist
2026-01-16 19:04:13.488 +08 [37540] FATAL:  database 37728 does not exist
2026-01-16 19:05:04.621 +08 [10356] FATAL:  database 41532 does not exist
2026-01-16 19:05:13.494 +08 [16456] FATAL:  database 37728 does not exist
2026-01-16 19:06:04.628 +08 [41148] FATAL:  database 41532 does not exist
2026-01-16 19:06:13.529 +08 [24048] FATAL:  database 37728 does not exist
2026-01-16 19:07:04.638 +08 [6384] FATAL:  database 41532 does not exist
2026-01-16 19:07:13.513 +08 [39216] FATAL:  database 37728 does not exist
2026-01-16 19:08:04.638 +08 [39092] FATAL:  database 41532 does not exist
2026-01-16 19:08:13.525 +08 [15464] FATAL:  database 37728 does not exist
2026-01-16 19:09:04.656 +08 [28872] FATAL:  database 41532 does not exist
2026-01-16 19:09:13.536 +08 [3428] FATAL:  database 37728 does not exist
2026-01-16 19:10:04.655 +08 [2188] FATAL:  database 41532 does not exist
2026-01-16 19:10:13.639 +08 [36536] FATAL:  database 37728 does not exist
2026-01-16 19:11:04.669 +08 [20172] FATAL:  database 41532 does not exist
2026-01-16 19:11:13.642 +08 [9352] FATAL:  database 37728 does not exist
2026-01-16 19:12:04.663 +08 [23332] FATAL:  database 41532 does not exist
2026-01-16 19:12:13.636 +08 [26780] FATAL:  database 37728 does not exist
2026-01-16 19:13:04.660 +08 [29644] FATAL:  database 41532 does not exist
2026-01-16 19:13:13.660 +08 [20792] FATAL:  database 37728 does not exist
2026-01-16 19:14:04.657 +08 [41864] FATAL:  database 41532 does not exist
2026-01-16 19:14:13.664 +08 [29948] FATAL:  database 37728 does not exist
2026-01-16 19:15:04.698 +08 [37728] FATAL:  database 41532 does not exist
2026-01-16 19:15:13.668 +08 [36572] FATAL:  database 37728 does not exist
2026-01-16 19:16:04.681 +08 [2588] FATAL:  database 41532 does not exist
2026-01-16 19:16:13.678 +08 [32152] FATAL:  database 37728 does not exist
2026-01-16 19:17:04.695 +08 [7724] FATAL:  database 41532 does not exist
2026-01-16 19:17:13.690 +08 [35704] FATAL:  database 37728 does not exist
2026-01-16 19:18:04.699 +08 [28728] FATAL:  database 41532 does not exist
2026-01-16 19:18:13.705 +08 [36212] FATAL:  database 37728 does not exist
2026-01-16 19:19:04.724 +08 [42556] FATAL:  database 41532 does not exist
2026-01-16 19:19:13.681 +08 [35432] FATAL:  database 37728 does not exist
2026-01-16 19:20:04.715 +08 [24196] FATAL:  database 41532 does not exist
2026-01-16 19:20:13.720 +08 [12624] FATAL:  database 37728 does not exist
2026-01-16 19:21:04.731 +08 [33368] FATAL:  database 41532 does not exist
2026-01-16 19:21:13.715 +08 [18324] FATAL:  database 37728 does not exist
2026-01-16 19:22:04.740 +08 [41924] FATAL:  database 41532 does not exist
2026-01-16 19:22:13.713 +08 [9468] FATAL:  database 37728 does not exist
2026-01-16 19:23:04.747 +08 [40764] FATAL:  database 41532 does not exist
2026-01-16 19:23:13.731 +08 [39848] FATAL:  database 37728 does not exist
2026-01-16 19:24:04.756 +08 [32508] FATAL:  database 41532 does not exist
2026-01-16 19:24:13.726 +08 [18192] FATAL:  database 37728 does not exist
2026-01-16 19:25:04.764 +08 [34208] FATAL:  database 41532 does not exist
2026-01-16 19:25:13.730 +08 [19368] FATAL:  database 37728 does not exist
2026-01-16 19:26:04.796 +08 [10372] FATAL:  database 41532 does not exist
2026-01-16 19:26:13.747 +08 [19444] FATAL:  database 37728 does not exist
2026-01-16 19:27:04.791 +08 [10340] FATAL:  database 41532 does not exist
2026-01-16 19:27:13.748 +08 [4040] FATAL:  database 37728 does not exist
2026-01-16 19:28:04.796 +08 [4004] FATAL:  database 41532 does not exist
2026-01-16 19:28:13.759 +08 [42404] FATAL:  database 37728 does not exist
2026-01-16 19:29:04.928 +08 [19720] FATAL:  database 41532 does not exist
2026-01-16 19:29:13.756 +08 [18876] FATAL:  database 37728 does not exist
2026-01-16 19:30:04.928 +08 [23312] FATAL:  database 41532 does not exist
2026-01-16 19:30:13.763 +08 [11396] FATAL:  database 37728 does not exist
2026-01-16 19:31:04.924 +08 [3772] FATAL:  database 41532 does not exist
2026-01-16 19:31:13.758 +08 [12108] FATAL:  database 37728 does not exist
2026-01-16 19:32:04.924 +08 [1936] FATAL:  database 41532 does not exist
2026-01-16 19:32:13.783 +08 [14376] FATAL:  database 37728 does not exist
2026-01-16 19:33:04.927 +08 [19900] FATAL:  database 41532 does not exist
2026-01-16 19:33:13.779 +08 [29740] FATAL:  database 37728 does not exist
2026-01-16 19:34:04.926 +08 [42504] FATAL:  database 41532 does not exist
2026-01-16 19:34:13.776 +08 [19780] FATAL:  database 37728 does not exist
2026-01-16 19:35:04.957 +08 [25764] FATAL:  database 41532 does not exist
2026-01-16 19:35:13.783 +08 [3764] FATAL:  database 37728 does not exist
2026-01-16 19:36:04.962 +08 [20888] FATAL:  database 41532 does not exist
2026-01-16 19:36:13.807 +08 [18164] FATAL:  database 37728 does not exist
2026-01-16 19:37:05.064 +08 [39968] FATAL:  database 41532 does not exist
2026-01-16 19:37:13.799 +08 [35024] FATAL:  database 37728 does not exist
2026-01-16 19:38:05.053 +08 [36144] FATAL:  database 41532 does not exist
2026-01-16 19:38:13.809 +08 [28480] FATAL:  database 37728 does not exist
2026-01-16 19:39:05.055 +08 [36876] FATAL:  database 41532 does not exist
2026-01-16 19:39:13.824 +08 [12152] FATAL:  database 37728 does not exist
2026-01-16 19:45:03.257 +08 [17680] FATAL:  database 41532 does not exist
2026-01-16 19:48:35.144 +08 [5192] FATAL:  database 37728 does not exist
2026-01-16 22:06:04.276 +08 [19040] FATAL:  database 41532 does not exist
2026-01-16 22:06:12.852 +08 [35552] FATAL:  database 37728 does not exist
2026-01-16 22:07:04.274 +08 [30216] FATAL:  database 41532 does not exist
2026-01-16 22:07:12.860 +08 [19556] FATAL:  database 37728 does not exist
2026-01-16 22:08:04.296 +08 [13784] FATAL:  database 41532 does not exist
2026-01-16 22:08:12.896 +08 [4588] FATAL:  database 37728 does not exist
2026-01-16 22:09:04.322 +08 [10056] FATAL:  database 41532 does not exist
2026-01-16 22:09:12.914 +08 [37192] FATAL:  database 37728 does not exist
2026-01-16 22:10:04.326 +08 [20524] FATAL:  database 41532 does not exist
2026-01-16 22:10:12.915 +08 [13692] FATAL:  database 37728 does not exist
2026-01-16 22:11:04.315 +08 [42900] FATAL:  database 41532 does not exist
2026-01-16 22:11:12.903 +08 [7804] FATAL:  database 37728 does not exist
2026-01-16 22:12:04.343 +08 [7736] FATAL:  database 41532 does not exist
2026-01-16 22:12:13.024 +08 [37092] FATAL:  database 37728 does not exist
2026-01-16 22:13:04.342 +08 [21132] FATAL:  database 41532 does not exist
2026-01-16 22:13:13.025 +08 [19588] FATAL:  database 37728 does not exist
2026-01-16 22:14:04.368 +08 [33376] FATAL:  database 41532 does not exist
2026-01-16 22:14:13.040 +08 [7664] FATAL:  database 37728 does not exist
2026-01-16 22:15:04.357 +08 [10464] FATAL:  database 41532 does not exist
2026-01-16 22:15:13.037 +08 [32972] FATAL:  database 37728 does not exist
2026-01-16 22:16:04.371 +08 [26508] FATAL:  database 41532 does not exist
2026-01-16 22:16:13.062 +08 [29148] FATAL:  database 37728 does not exist
2026-01-16 22:17:04.396 +08 [42168] FATAL:  database 41532 does not exist
2026-01-16 22:17:13.071 +08 [17524] FATAL:  database 37728 does not exist
2026-01-16 22:18:04.389 +08 [33276] FATAL:  database 41532 does not exist
2026-01-16 22:18:13.045 +08 [37516] FATAL:  database 37728 does not exist
2026-01-16 22:19:04.405 +08 [36620] FATAL:  database 41532 does not exist
2026-01-16 22:19:13.060 +08 [26820] FATAL:  database 37728 does not exist
2026-01-16 22:20:04.511 +08 [9336] FATAL:  database 41532 does not exist
2026-01-16 22:20:13.061 +08 [42072] FATAL:  database 37728 does not exist
2026-01-16 22:21:04.508 +08 [5048] FATAL:  database 41532 does not exist
2026-01-16 22:21:13.078 +08 [8064] FATAL:  database 37728 does not exist
2026-01-16 22:22:04.539 +08 [10528] FATAL:  database 41532 does not exist
2026-01-16 22:22:13.077 +08 [15196] FATAL:  database 37728 does not exist
2026-01-16 22:23:04.523 +08 [13592] FATAL:  database 41532 does not exist
2026-01-16 22:23:13.095 +08 [41676] FATAL:  database 37728 does not exist
2026-01-16 22:24:04.545 +08 [38988] FATAL:  database 41532 does not exist
2026-01-16 22:24:13.078 +08 [34260] FATAL:  database 37728 does not exist
2026-01-16 22:25:04.570 +08 [21844] FATAL:  database 41532 does not exist
2026-01-16 22:25:13.090 +08 [18344] FATAL:  database 37728 does not exist
2026-01-16 22:26:04.564 +08 [8304] FATAL:  database 41532 does not exist
2026-01-16 22:26:13.112 +08 [32816] FATAL:  database 37728 does not exist
2026-01-16 22:27:04.571 +08 [42380] FATAL:  database 41532 does not exist
2026-01-16 22:27:13.127 +08 [12436] FATAL:  database 37728 does not exist
2026-01-16 22:28:04.598 +08 [21056] FATAL:  database 41532 does not exist
2026-01-16 22:28:13.122 +08 [41028] FATAL:  database 37728 does not exist
2026-01-16 22:29:04.589 +08 [13992] FATAL:  database 41532 does not exist
2026-01-16 22:29:13.126 +08 [42928] FATAL:  database 37728 does not exist
2026-01-16 22:30:04.615 +08 [24272] FATAL:  database 41532 does not exist
2026-01-16 22:30:13.149 +08 [28496] FATAL:  database 37728 does not exist
2026-01-16 22:31:04.595 +08 [22808] FATAL:  database 41532 does not exist
2026-01-16 22:31:13.157 +08 [12680] FATAL:  database 37728 does not exist
2026-01-16 22:32:04.620 +08 [35696] FATAL:  database 41532 does not exist
2026-01-16 22:32:13.143 +08 [31436] FATAL:  database 37728 does not exist
2026-01-16 22:33:04.631 +08 [21496] FATAL:  database 41532 does not exist
2026-01-16 22:33:13.163 +08 [35660] FATAL:  database 37728 does not exist
2026-01-16 22:34:04.630 +08 [21268] FATAL:  database 41532 does not exist
2026-01-16 22:34:13.163 +08 [37952] FATAL:  database 37728 does not exist
2026-01-16 22:35:04.626 +08 [18868] FATAL:  database 41532 does not exist
2026-01-16 22:35:13.180 +08 [16844] FATAL:  database 37728 does not exist
2026-01-16 22:36:04.660 +08 [30244] FATAL:  database 41532 does not exist
2026-01-16 22:36:13.191 +08 [32636] FATAL:  database 37728 does not exist
2026-01-16 22:37:04.662 +08 [33972] FATAL:  database 41532 does not exist
2026-01-16 22:37:13.193 +08 [1888] FATAL:  database 37728 does not exist
2026-01-16 22:38:04.652 +08 [19904] FATAL:  database 41532 does not exist
2026-01-16 22:38:13.201 +08 [25148] FATAL:  database 37728 does not exist
2026-01-16 22:39:04.656 +08 [10592] FATAL:  database 41532 does not exist
2026-01-16 22:39:13.183 +08 [33544] FATAL:  database 37728 does not exist
2026-01-16 22:40:04.661 +08 [20220] FATAL:  database 41532 does not exist
2026-01-16 22:40:13.215 +08 [37780] FATAL:  database 37728 does not exist
2026-01-16 22:41:04.701 +08 [38728] FATAL:  database 41532 does not exist
2026-01-16 22:41:13.232 +08 [39172] FATAL:  database 37728 does not exist
2026-01-16 22:42:04.692 +08 [8944] FATAL:  database 41532 does not exist
2026-01-16 22:42:13.207 +08 [17704] FATAL:  database 37728 does not exist
2026-01-16 22:43:04.793 +08 [13840] FATAL:  database 41532 does not exist
2026-01-16 22:43:13.242 +08 [5544] FATAL:  database 37728 does not exist
2026-01-16 22:44:04.805 +08 [31096] FATAL:  database 41532 does not exist
2026-01-16 22:44:13.243 +08 [21832] FATAL:  database 37728 does not exist
2026-01-16 22:45:04.789 +08 [29952] FATAL:  database 41532 does not exist
2026-01-16 22:45:13.359 +08 [19176] FATAL:  database 37728 does not exist
2026-01-16 22:46:04.839 +08 [27156] FATAL:  database 41532 does not exist
2026-01-16 22:46:13.373 +08 [23940] FATAL:  database 37728 does not exist
2026-01-16 22:47:04.819 +08 [35580] FATAL:  database 41532 does not exist
2026-01-16 22:47:13.401 +08 [38932] FATAL:  database 37728 does not exist
2026-01-16 22:48:04.854 +08 [42488] FATAL:  database 41532 does not exist
2026-01-16 22:48:13.392 +08 [35456] FATAL:  database 37728 does not exist
2026-01-16 22:49:04.871 +08 [37856] FATAL:  database 41532 does not exist
2026-01-16 22:49:13.381 +08 [25052] FATAL:  database 37728 does not exist
2026-01-16 22:50:04.844 +08 [16052] FATAL:  database 41532 does not exist
2026-01-16 22:50:13.381 +08 [7712] FATAL:  database 37728 does not exist
2026-01-16 22:51:04.868 +08 [31476] FATAL:  database 41532 does not exist
2026-01-16 22:51:13.416 +08 [20168] FATAL:  database 37728 does not exist
2026-01-16 22:52:04.857 +08 [37168] FATAL:  database 41532 does not exist
2026-01-16 22:52:13.409 +08 [32704] FATAL:  database 37728 does not exist
2026-01-16 22:53:04.883 +08 [37204] FATAL:  database 41532 does not exist
2026-01-16 22:53:13.441 +08 [34900] FATAL:  database 37728 does not exist
2026-01-16 22:54:04.883 +08 [39432] FATAL:  database 41532 does not exist
2026-01-16 22:54:13.653 +08 [4232] FATAL:  database 37728 does not exist
2026-01-16 22:55:04.890 +08 [12096] FATAL:  database 41532 does not exist
2026-01-16 22:55:13.549 +08 [27272] FATAL:  database 37728 does not exist
2026-01-16 22:56:04.909 +08 [26760] FATAL:  database 41532 does not exist
2026-01-16 22:56:13.563 +08 [15276] FATAL:  database 37728 does not exist
2026-01-16 22:57:04.899 +08 [23748] FATAL:  database 41532 does not exist
2026-01-16 22:57:13.574 +08 [39756] FATAL:  database 37728 does not exist
2026-01-16 22:58:05.005 +08 [17844] FATAL:  database 41532 does not exist
2026-01-16 22:58:13.566 +08 [35232] FATAL:  database 37728 does not exist
2026-01-16 22:59:05.026 +08 [15184] FATAL:  database 41532 does not exist
2026-01-16 22:59:13.564 +08 [28480] FATAL:  database 37728 does not exist
2026-01-16 23:00:05.040 +08 [38428] FATAL:  database 41532 does not exist
2026-01-16 23:00:13.570 +08 [33480] FATAL:  database 37728 does not exist
2026-01-16 23:01:05.052 +08 [40360] FATAL:  database 41532 does not exist
2026-01-16 23:01:13.577 +08 [17256] FATAL:  database 37728 does not exist
2026-01-16 23:02:05.172 +08 [33576] FATAL:  database 41532 does not exist
2026-01-16 23:02:13.575 +08 [17244] FATAL:  database 37728 does not exist
2026-01-16 23:03:05.179 +08 [23084] FATAL:  database 41532 does not exist
2026-01-16 23:03:13.587 +08 [2580] FATAL:  database 37728 does not exist
2026-01-16 23:04:05.169 +08 [29780] FATAL:  database 41532 does not exist
2026-01-16 23:04:13.591 +08 [40032] FATAL:  database 37728 does not exist
2026-01-16 23:05:05.186 +08 [4640] FATAL:  database 41532 does not exist
2026-01-16 23:05:13.633 +08 [27396] FATAL:  database 37728 does not exist
2026-01-16 23:06:05.191 +08 [16196] FATAL:  database 41532 does not exist
2026-01-16 23:06:13.630 +08 [33496] FATAL:  database 37728 does not exist
2026-01-16 23:07:05.205 +08 [13160] FATAL:  database 41532 does not exist
2026-01-16 23:07:13.633 +08 [42464] FATAL:  database 37728 does not exist
2026-01-16 23:08:05.210 +08 [5552] FATAL:  database 41532 does not exist
2026-01-16 23:08:13.636 +08 [24476] FATAL:  database 37728 does not exist
2026-01-16 23:09:05.230 +08 [16824] FATAL:  database 41532 does not exist
2026-01-16 23:09:13.656 +08 [34100] FATAL:  database 37728 does not exist
2026-01-16 23:10:05.236 +08 [8216] FATAL:  database 41532 does not exist
2026-01-16 23:10:13.661 +08 [19348] FATAL:  database 37728 does not exist
2026-01-16 23:11:05.237 +08 [6004] FATAL:  database 41532 does not exist
2026-01-16 23:11:13.784 +08 [3676] FATAL:  database 37728 does not exist
2026-01-16 23:12:05.259 +08 [24412] FATAL:  database 41532 does not exist
2026-01-16 23:12:13.673 +08 [18468] FATAL:  database 37728 does not exist
2026-01-16 23:13:05.261 +08 [8196] FATAL:  database 41532 does not exist
2026-01-16 23:13:13.684 +08 [17664] FATAL:  database 37728 does not exist
2026-01-16 23:14:05.259 +08 [38288] FATAL:  database 41532 does not exist
2026-01-16 23:14:13.681 +08 [36304] FATAL:  database 37728 does not exist
2026-01-16 23:15:05.278 +08 [21668] FATAL:  database 41532 does not exist
2026-01-16 23:15:13.697 +08 [39480] FATAL:  database 37728 does not exist
2026-01-16 23:16:05.270 +08 [27348] FATAL:  database 41532 does not exist
2026-01-16 23:16:13.793 +08 [4288] FATAL:  database 37728 does not exist
2026-01-16 23:17:05.286 +08 [41992] FATAL:  database 41532 does not exist
2026-01-16 23:17:13.797 +08 [42380] FATAL:  database 37728 does not exist
2026-01-16 23:18:05.285 +08 [28752] FATAL:  database 41532 does not exist
2026-01-16 23:18:13.823 +08 [18788] FATAL:  database 37728 does not exist
2026-01-16 23:19:05.310 +08 [21284] FATAL:  database 41532 does not exist
2026-01-16 23:19:13.836 +08 [10796] FATAL:  database 37728 does not exist
2026-01-16 23:20:05.313 +08 [6872] FATAL:  database 41532 does not exist
2026-01-16 23:20:13.822 +08 [30844] FATAL:  database 37728 does not exist
2026-01-16 23:28:49.264 +08 [5764] FATAL:  database 41532 does not exist
2026-01-16 23:28:57.864 +08 [9252] FATAL:  database 37728 does not exist
2026-01-16 23:29:49.295 +08 [23308] FATAL:  database 41532 does not exist
2026-01-16 23:29:57.873 +08 [7612] FATAL:  database 37728 does not exist
2026-01-16 23:30:49.300 +08 [24756] FATAL:  database 41532 does not exist
2026-01-16 23:30:57.910 +08 [1648] FATAL:  database 37728 does not exist
2026-01-16 23:31:49.422 +08 [28824] FATAL:  database 41532 does not exist
2026-01-16 23:31:57.917 +08 [17860] FATAL:  database 37728 does not exist
2026-01-16 23:32:49.440 +08 [21688] FATAL:  database 41532 does not exist
2026-01-16 23:32:57.925 +08 [36108] FATAL:  database 37728 does not exist
2026-01-16 23:33:49.575 +08 [29040] FATAL:  database 41532 does not exist
2026-01-16 23:33:57.924 +08 [3408] FATAL:  database 37728 does not exist
2026-01-16 23:34:49.467 +08 [26452] FATAL:  database 41532 does not exist
2026-01-16 23:34:57.940 +08 [17724] FATAL:  database 37728 does not exist
2026-01-16 23:35:49.456 +08 [33192] FATAL:  database 41532 does not exist
2026-01-16 23:35:57.968 +08 [12376] FATAL:  database 37728 does not exist
2026-01-16 23:36:49.468 +08 [37528] FATAL:  database 41532 does not exist
2026-01-16 23:36:57.948 +08 [8004] FATAL:  database 37728 does not exist
2026-01-16 23:37:49.471 +08 [35824] FATAL:  database 41532 does not exist
2026-01-16 23:37:57.973 +08 [40736] FATAL:  database 37728 does not exist
2026-01-16 23:38:49.488 +08 [8340] FATAL:  database 41532 does not exist
2026-01-16 23:38:57.992 +08 [24496] FATAL:  database 37728 does not exist
2026-01-16 23:39:49.464 +08 [30088] FATAL:  database 41532 does not exist
2026-01-16 23:39:57.969 +08 [32776] FATAL:  database 37728 does not exist
2026-01-16 23:40:49.491 +08 [18756] FATAL:  database 41532 does not exist
2026-01-16 23:40:57.971 +08 [41256] FATAL:  database 37728 does not exist
2026-01-16 23:41:49.462 +08 [4004] FATAL:  database 41532 does not exist
2026-01-16 23:41:59.189 +08 [34480] FATAL:  database 37728 does not exist
2026-01-16 23:42:49.490 +08 [35152] FATAL:  database 41532 does not exist
2026-01-16 23:42:58.241 +08 [6352] FATAL:  database 37728 does not exist
2026-01-16 23:43:49.502 +08 [13584] FATAL:  database 41532 does not exist
2026-01-16 23:43:58.261 +08 [14868] FATAL:  database 37728 does not exist
2026-01-16 23:44:49.509 +08 [7184] FATAL:  database 41532 does not exist
2026-01-16 23:44:58.352 +08 [35788] FATAL:  database 37728 does not exist
2026-01-16 23:45:49.497 +08 [36744] FATAL:  database 41532 does not exist
2026-01-16 23:45:58.368 +08 [22672] FATAL:  database 37728 does not exist
2026-01-16 23:46:49.534 +08 [16816] FATAL:  database 41532 does not exist
2026-01-16 23:46:58.371 +08 [27444] FATAL:  database 37728 does not exist
2026-01-16 23:47:49.540 +08 [32100] FATAL:  database 41532 does not exist
2026-01-16 23:47:58.377 +08 [1864] FATAL:  database 37728 does not exist
2026-01-16 23:48:49.552 +08 [16696] FATAL:  database 41532 does not exist
2026-01-16 23:48:58.384 +08 [37036] FATAL:  database 37728 does not exist
2026-01-16 23:49:49.542 +08 [5972] FATAL:  database 41532 does not exist
2026-01-16 23:49:58.386 +08 [8324] FATAL:  database 37728 does not exist
2026-01-16 23:50:49.561 +08 [40476] FATAL:  database 41532 does not exist
2026-01-16 23:50:58.399 +08 [42592] FATAL:  database 37728 does not exist
2026-01-16 23:51:49.560 +08 [3536] FATAL:  database 41532 does not exist
2026-01-16 23:51:58.407 +08 [19104] FATAL:  database 37728 does not exist
2026-01-16 23:52:49.576 +08 [12268] FATAL:  database 41532 does not exist
2026-01-16 23:52:58.414 +08 [20220] FATAL:  database 37728 does not exist
2026-01-16 23:53:49.571 +08 [12596] FATAL:  database 41532 does not exist
2026-01-16 23:53:58.423 +08 [4948] FATAL:  database 37728 does not exist
2026-01-16 23:54:49.572 +08 [20748] FATAL:  database 41532 does not exist
2026-01-16 23:54:58.438 +08 [17120] FATAL:  database 37728 does not exist
2026-01-16 23:55:49.579 +08 [18552] FATAL:  database 41532 does not exist
2026-01-16 23:55:58.448 +08 [1328] FATAL:  database 37728 does not exist
2026-01-16 23:56:49.586 +08 [38268] FATAL:  database 41532 does not exist
2026-01-16 23:56:58.446 +08 [38776] FATAL:  database 37728 does not exist
2026-01-16 23:57:49.593 +08 [30216] FATAL:  database 41532 does not exist
2026-01-16 23:57:58.457 +08 [9260] FATAL:  database 37728 does not exist
2026-01-16 23:58:49.598 +08 [12368] FATAL:  database 41532 does not exist
2026-01-16 23:58:58.458 +08 [33276] FATAL:  database 37728 does not exist
2026-01-16 23:59:49.607 +08 [33308] FATAL:  database 41532 does not exist
2026-01-16 23:59:58.471 +08 [24820] FATAL:  database 37728 does not exist
2026-01-17 00:00:49.625 +08 [4296] FATAL:  database 41532 does not exist
2026-01-17 00:00:58.464 +08 [38848] FATAL:  database 37728 does not exist
2026-01-17 00:01:49.612 +08 [28928] FATAL:  database 41532 does not exist
2026-01-17 00:01:58.478 +08 [31884] FATAL:  database 37728 does not exist
2026-01-17 00:02:49.723 +08 [29856] FATAL:  database 41532 does not exist
2026-01-17 00:02:58.481 +08 [31720] FATAL:  database 37728 does not exist
2026-01-17 00:03:49.718 +08 [42692] FATAL:  database 41532 does not exist
2026-01-17 00:03:58.488 +08 [6936] FATAL:  database 37728 does not exist
2026-01-17 00:04:49.725 +08 [32880] FATAL:  database 41532 does not exist
2026-01-17 00:04:58.497 +08 [30724] FATAL:  database 37728 does not exist
2026-01-17 00:05:49.837 +08 [18760] FATAL:  database 41532 does not exist
2026-01-17 00:05:58.499 +08 [41644] FATAL:  database 37728 does not exist
2026-01-17 00:06:49.844 +08 [33276] FATAL:  database 41532 does not exist
2026-01-17 00:06:58.515 +08 [16836] FATAL:  database 37728 does not exist
2026-01-17 00:07:49.854 +08 [8292] FATAL:  database 41532 does not exist
2026-01-17 00:07:58.520 +08 [24772] FATAL:  database 37728 does not exist
2026-01-17 00:08:49.865 +08 [28884] FATAL:  database 41532 does not exist
2026-01-17 00:08:58.663 +08 [39732] FATAL:  database 37728 does not exist
2026-01-17 00:09:49.875 +08 [38776] FATAL:  database 41532 does not exist
2026-01-17 00:09:58.525 +08 [36892] FATAL:  database 37728 does not exist
2026-01-17 00:10:49.878 +08 [38536] FATAL:  database 41532 does not exist
2026-01-17 00:10:58.533 +08 [14636] FATAL:  database 37728 does not exist
2026-01-17 00:11:49.879 +08 [27536] FATAL:  database 41532 does not exist
2026-01-17 00:11:58.535 +08 [41860] FATAL:  database 37728 does not exist
2026-01-17 00:12:49.988 +08 [6348] FATAL:  database 41532 does not exist
2026-01-17 00:12:58.547 +08 [33396] FATAL:  database 37728 does not exist
2026-01-17 00:13:50.219 +08 [36640] FATAL:  database 41532 does not exist
2026-01-17 00:13:58.552 +08 [14128] FATAL:  database 37728 does not exist
2026-01-17 00:14:50.092 +08 [19728] FATAL:  database 41532 does not exist
2026-01-17 00:14:58.564 +08 [24244] FATAL:  database 37728 does not exist
2026-01-17 00:15:50.116 +08 [42304] FATAL:  database 41532 does not exist
2026-01-17 00:15:58.580 +08 [29068] FATAL:  database 37728 does not exist
2026-01-17 00:16:50.118 +08 [31864] FATAL:  database 41532 does not exist
2026-01-17 00:16:58.583 +08 [6636] FATAL:  database 37728 does not exist
2026-01-17 00:17:50.131 +08 [21688] FATAL:  database 41532 does not exist
2026-01-17 00:17:58.578 +08 [3764] FATAL:  database 37728 does not exist
2026-01-17 00:18:50.259 +08 [30508] FATAL:  database 41532 does not exist
2026-01-17 00:18:58.583 +08 [20416] FATAL:  database 37728 does not exist
2026-01-17 00:19:50.136 +08 [29448] FATAL:  database 41532 does not exist
2026-01-17 00:19:58.578 +08 [41256] FATAL:  database 37728 does not exist
2026-01-17 00:20:50.146 +08 [22432] FATAL:  database 41532 does not exist
2026-01-17 00:20:58.586 +08 [8584] FATAL:  database 37728 does not exist
2026-01-17 00:21:50.127 +08 [30864] FATAL:  database 41532 does not exist
2026-01-17 00:21:58.596 +08 [11364] FATAL:  database 37728 does not exist
2026-01-17 00:22:50.247 +08 [3124] FATAL:  database 41532 does not exist
2026-01-17 00:22:58.603 +08 [33804] FATAL:  database 37728 does not exist
2026-01-17 00:23:50.263 +08 [27712] FATAL:  database 41532 does not exist
2026-01-17 00:23:58.607 +08 [29252] FATAL:  database 37728 does not exist
2026-01-17 00:24:50.270 +08 [20080] FATAL:  database 41532 does not exist
2026-01-17 00:24:58.622 +08 [8836] FATAL:  database 37728 does not exist
2026-01-17 00:25:50.263 +08 [37768] FATAL:  database 41532 does not exist
2026-01-17 00:25:58.624 +08 [724] FATAL:  database 37728 does not exist
2026-01-17 00:26:50.265 +08 [26172] FATAL:  database 41532 does not exist
2026-01-17 00:26:58.632 +08 [42892] FATAL:  database 37728 does not exist
2026-01-17 00:27:50.279 +08 [29216] FATAL:  database 41532 does not exist
2026-01-17 00:27:58.646 +08 [28444] FATAL:  database 37728 does not exist
2026-01-17 00:28:50.278 +08 [40628] FATAL:  database 41532 does not exist
2026-01-17 00:28:58.651 +08 [38676] FATAL:  database 37728 does not exist
2026-01-17 00:29:50.285 +08 [42196] FATAL:  database 41532 does not exist
2026-01-17 00:29:58.653 +08 [38848] FATAL:  database 37728 does not exist
2026-01-17 00:30:50.297 +08 [16528] FATAL:  database 41532 does not exist
2026-01-17 00:30:58.666 +08 [30632] FATAL:  database 37728 does not exist
2026-01-17 00:31:50.305 +08 [5744] FATAL:  database 41532 does not exist
2026-01-17 00:31:58.676 +08 [34016] FATAL:  database 37728 does not exist
2026-01-17 00:32:50.315 +08 [36836] FATAL:  database 41532 does not exist
2026-01-17 00:32:58.689 +08 [16540] FATAL:  database 37728 does not exist
2026-01-17 00:33:50.315 +08 [23300] FATAL:  database 41532 does not exist
2026-01-17 00:33:58.678 +08 [14320] FATAL:  database 37728 does not exist
2026-01-17 00:34:50.434 +08 [25248] FATAL:  database 41532 does not exist
2026-01-17 00:34:58.694 +08 [23344] FATAL:  database 37728 does not exist
2026-01-17 00:35:50.433 +08 [23996] FATAL:  database 41532 does not exist
2026-01-17 00:35:58.702 +08 [29440] FATAL:  database 37728 does not exist
2026-01-17 00:36:50.433 +08 [42200] FATAL:  database 41532 does not exist
2026-01-17 00:36:58.698 +08 [8700] FATAL:  database 37728 does not exist
2026-01-17 00:37:50.437 +08 [30884] FATAL:  database 41532 does not exist
2026-01-17 00:37:58.701 +08 [21668] FATAL:  database 37728 does not exist
2026-01-17 00:38:50.531 +08 [40516] FATAL:  database 41532 does not exist
2026-01-17 00:38:58.814 +08 [27712] FATAL:  database 37728 does not exist
2026-01-17 00:39:50.559 +08 [11584] FATAL:  database 41532 does not exist
2026-01-17 00:39:58.817 +08 [42148] FATAL:  database 37728 does not exist
2026-01-17 00:40:50.562 +08 [7712] FATAL:  database 41532 does not exist
2026-01-17 00:40:58.833 +08 [9492] FATAL:  database 37728 does not exist
2026-01-17 00:41:50.561 +08 [29728] FATAL:  database 41532 does not exist
2026-01-17 00:41:58.832 +08 [7936] FATAL:  database 37728 does not exist
2026-01-17 00:42:50.560 +08 [33480] FATAL:  database 41532 does not exist
2026-01-17 00:42:58.838 +08 [30928] FATAL:  database 37728 does not exist
2026-01-17 00:43:50.572 +08 [12268] FATAL:  database 41532 does not exist
2026-01-17 00:43:58.859 +08 [33780] FATAL:  database 37728 does not exist
2026-01-17 00:44:50.588 +08 [42008] FATAL:  database 41532 does not exist
2026-01-17 00:44:58.954 +08 [4004] FATAL:  database 37728 does not exist
2026-01-17 00:45:50.593 +08 [5744] FATAL:  database 41532 does not exist
2026-01-17 00:45:58.978 +08 [2924] FATAL:  database 37728 does not exist
2026-01-17 00:46:50.593 +08 [31908] FATAL:  database 41532 does not exist
2026-01-17 00:46:58.988 +08 [30312] FATAL:  database 37728 does not exist
2026-01-17 00:47:50.604 +08 [35432] FATAL:  database 41532 does not exist
2026-01-17 00:47:58.980 +08 [21292] FATAL:  database 37728 does not exist
2026-01-17 00:48:50.610 +08 [10844] FATAL:  database 41532 does not exist
2026-01-17 00:48:59.008 +08 [20968] FATAL:  database 37728 does not exist
2026-01-17 00:49:50.615 +08 [6716] FATAL:  database 41532 does not exist
2026-01-17 00:49:59.008 +08 [40236] FATAL:  database 37728 does not exist
2026-01-17 00:50:50.622 +08 [23996] FATAL:  database 41532 does not exist
2026-01-17 00:50:59.015 +08 [33896] FATAL:  database 37728 does not exist
2026-01-17 00:51:50.630 +08 [16696] FATAL:  database 41532 does not exist
2026-01-17 00:51:59.035 +08 [31864] FATAL:  database 37728 does not exist
2026-01-17 00:52:50.641 +08 [37076] FATAL:  database 41532 does not exist
2026-01-17 00:52:59.038 +08 [29204] FATAL:  database 37728 does not exist
2026-01-17 00:53:50.627 +08 [39680] FATAL:  database 41532 does not exist
2026-01-17 00:53:59.060 +08 [42384] FATAL:  database 37728 does not exist
2026-01-17 00:54:50.648 +08 [1888] FATAL:  database 41532 does not exist
2026-01-17 00:54:59.069 +08 [39760] FATAL:  database 37728 does not exist
2026-01-17 00:55:50.648 +08 [16752] FATAL:  database 41532 does not exist
2026-01-17 00:55:59.171 +08 [33328] FATAL:  database 37728 does not exist
2026-01-17 00:56:50.768 +08 [29112] FATAL:  database 41532 does not exist
2026-01-17 00:56:59.178 +08 [15616] FATAL:  database 37728 does not exist
2026-01-17 00:57:50.656 +08 [32336] FATAL:  database 41532 does not exist
2026-01-17 00:57:59.180 +08 [6884] FATAL:  database 37728 does not exist
2026-01-17 00:58:50.776 +08 [23632] FATAL:  database 41532 does not exist
2026-01-17 00:58:59.199 +08 [41704] FATAL:  database 37728 does not exist
2026-01-17 00:59:50.774 +08 [13252] FATAL:  database 41532 does not exist
2026-01-17 00:59:59.189 +08 [38676] FATAL:  database 37728 does not exist
2026-01-17 01:00:50.780 +08 [30960] FATAL:  database 41532 does not exist
2026-01-17 01:00:59.193 +08 [28944] FATAL:  database 37728 does not exist
2026-01-17 01:01:50.798 +08 [38344] FATAL:  database 41532 does not exist
2026-01-17 01:01:59.192 +08 [33404] FATAL:  database 37728 does not exist
2026-01-17 01:02:50.802 +08 [21876] FATAL:  database 41532 does not exist
2026-01-17 01:02:59.197 +08 [30960] FATAL:  database 37728 does not exist
2026-01-17 01:03:50.812 +08 [17280] FATAL:  database 41532 does not exist
2026-01-17 01:03:59.200 +08 [34680] FATAL:  database 37728 does not exist
2026-01-17 01:04:50.823 +08 [33552] FATAL:  database 41532 does not exist
2026-01-17 01:04:59.209 +08 [23764] FATAL:  database 37728 does not exist
2026-01-17 01:05:50.825 +08 [25928] FATAL:  database 41532 does not exist
2026-01-17 01:05:59.209 +08 [38452] FATAL:  database 37728 does not exist
2026-01-17 01:06:50.829 +08 [18140] FATAL:  database 41532 does not exist
2026-01-17 01:06:59.224 +08 [9424] FATAL:  database 37728 does not exist
2026-01-17 01:07:50.830 +08 [36020] FATAL:  database 41532 does not exist
2026-01-17 01:07:59.222 +08 [20392] FATAL:  database 37728 does not exist
2026-01-17 01:08:50.838 +08 [31524] FATAL:  database 41532 does not exist
2026-01-17 01:08:59.226 +08 [34680] FATAL:  database 37728 does not exist
2026-01-17 01:09:50.862 +08 [32324] FATAL:  database 41532 does not exist
2026-01-17 01:09:59.246 +08 [15120] FATAL:  database 37728 does not exist
2026-01-17 01:10:50.873 +08 [27432] FATAL:  database 41532 does not exist
2026-01-17 01:10:59.256 +08 [31460] FATAL:  database 37728 does not exist
2026-01-17 01:11:50.880 +08 [16416] FATAL:  database 41532 does not exist
2026-01-17 01:11:59.252 +08 [20888] FATAL:  database 37728 does not exist
2026-01-17 01:12:50.886 +08 [3656] FATAL:  database 41532 does not exist
2026-01-17 01:12:59.258 +08 [8624] FATAL:  database 37728 does not exist
2026-01-17 01:13:50.885 +08 [12412] FATAL:  database 41532 does not exist
2026-01-17 01:13:59.265 +08 [14916] FATAL:  database 37728 does not exist
2026-01-17 01:14:50.871 +08 [30304] FATAL:  database 41532 does not exist
2026-01-17 01:14:59.255 +08 [28492] FATAL:  database 37728 does not exist
2026-01-17 01:15:50.898 +08 [14916] FATAL:  database 41532 does not exist
2026-01-17 01:15:59.265 +08 [18172] FATAL:  database 37728 does not exist
2026-01-17 01:16:50.894 +08 [15084] FATAL:  database 41532 does not exist
2026-01-17 01:16:59.269 +08 [5184] FATAL:  database 37728 does not exist
2026-01-17 01:17:50.908 +08 [40368] FATAL:  database 41532 does not exist
2026-01-17 01:17:59.289 +08 [8860] FATAL:  database 37728 does not exist
2026-01-17 01:18:51.023 +08 [12732] FATAL:  database 41532 does not exist
2026-01-17 01:18:59.296 +08 [40448] FATAL:  database 37728 does not exist
2026-01-17 01:19:50.920 +08 [19904] FATAL:  database 41532 does not exist
2026-01-17 01:19:59.408 +08 [35848] FATAL:  database 37728 does not exist
2026-01-17 01:20:50.924 +08 [34888] FATAL:  database 41532 does not exist
2026-01-17 01:20:59.421 +08 [34336] FATAL:  database 37728 does not exist
2026-01-17 01:21:50.939 +08 [39020] FATAL:  database 41532 does not exist
2026-01-17 01:21:59.421 +08 [18324] FATAL:  database 37728 does not exist
2026-01-17 01:22:50.941 +08 [28592] FATAL:  database 41532 does not exist
2026-01-17 01:22:59.426 +08 [13184] FATAL:  database 37728 does not exist
2026-01-17 01:23:50.963 +08 [35892] FATAL:  database 41532 does not exist
2026-01-17 01:23:59.429 +08 [9340] FATAL:  database 37728 does not exist
2026-01-17 01:24:50.964 +08 [35712] FATAL:  database 41532 does not exist
2026-01-17 01:24:59.433 +08 [34152] FATAL:  database 37728 does not exist
2026-01-17 01:25:50.982 +08 [31340] FATAL:  database 41532 does not exist
2026-01-17 01:25:59.450 +08 [12508] FATAL:  database 37728 does not exist
2026-01-17 01:26:50.993 +08 [29356] FATAL:  database 41532 does not exist
2026-01-17 01:26:59.580 +08 [3644] FATAL:  database 37728 does not exist
2026-01-17 01:27:51.001 +08 [24976] FATAL:  database 41532 does not exist
2026-01-17 01:27:59.468 +08 [36784] FATAL:  database 37728 does not exist
2026-01-17 01:28:51.015 +08 [32376] FATAL:  database 41532 does not exist
2026-01-17 01:28:59.474 +08 [19512] FATAL:  database 37728 does not exist
2026-01-17 01:29:51.030 +08 [14616] FATAL:  database 41532 does not exist
2026-01-17 01:29:59.493 +08 [31772] FATAL:  database 37728 does not exist
2026-01-17 01:30:51.034 +08 [42092] FATAL:  database 41532 does not exist
2026-01-17 01:30:59.495 +08 [14716] FATAL:  database 37728 does not exist
2026-01-17 01:31:51.037 +08 [36044] FATAL:  database 41532 does not exist
2026-01-17 01:31:59.514 +08 [19764] FATAL:  database 37728 does not exist
2026-01-17 01:32:51.051 +08 [1580] FATAL:  database 41532 does not exist
2026-01-17 01:32:59.518 +08 [18140] FATAL:  database 37728 does not exist
2026-01-17 01:33:51.060 +08 [17160] FATAL:  database 41532 does not exist
2026-01-17 01:33:59.525 +08 [37164] FATAL:  database 37728 does not exist
2026-01-17 01:34:51.054 +08 [20900] FATAL:  database 41532 does not exist
2026-01-17 01:34:59.536 +08 [16052] FATAL:  database 37728 does not exist
2026-01-17 01:35:51.171 +08 [41008] FATAL:  database 41532 does not exist
2026-01-17 01:35:59.540 +08 [18976] FATAL:  database 37728 does not exist
2026-01-17 01:36:51.174 +08 [12200] FATAL:  database 41532 does not exist
2026-01-17 01:36:59.536 +08 [30700] FATAL:  database 37728 does not exist
2026-01-17 01:37:51.189 +08 [17120] FATAL:  database 41532 does not exist
2026-01-17 01:37:59.540 +08 [10380] FATAL:  database 37728 does not exist
2026-01-17 01:38:51.189 +08 [30304] FATAL:  database 41532 does not exist
2026-01-17 01:38:59.544 +08 [27508] FATAL:  database 37728 does not exist
2026-01-17 01:39:51.184 +08 [2652] FATAL:  database 41532 does not exist
2026-01-17 01:39:59.548 +08 [10428] FATAL:  database 37728 does not exist
2026-01-17 01:40:51.214 +08 [34260] FATAL:  database 41532 does not exist
2026-01-17 01:40:59.555 +08 [38020] FATAL:  database 37728 does not exist
2026-01-17 01:41:51.321 +08 [16064] FATAL:  database 41532 does not exist
2026-01-17 01:41:59.553 +08 [25252] FATAL:  database 37728 does not exist
2026-01-17 01:42:51.331 +08 [28616] FATAL:  database 41532 does not exist
2026-01-17 01:42:59.556 +08 [17812] FATAL:  database 37728 does not exist
2026-01-17 01:43:51.334 +08 [33672] FATAL:  database 41532 does not exist
2026-01-17 01:43:59.583 +08 [7652] FATAL:  database 37728 does not exist
2026-01-17 01:44:51.337 +08 [40448] FATAL:  database 41532 does not exist
2026-01-17 01:44:59.587 +08 [23288] FATAL:  database 37728 does not exist
2026-01-17 01:45:51.350 +08 [8400] FATAL:  database 41532 does not exist
2026-01-17 01:45:59.591 +08 [37196] FATAL:  database 37728 does not exist
2026-01-17 01:46:51.349 +08 [24884] FATAL:  database 41532 does not exist
2026-01-17 01:46:59.598 +08 [30180] FATAL:  database 37728 does not exist
2026-01-17 01:47:51.349 +08 [12856] FATAL:  database 41532 does not exist
2026-01-17 01:47:59.607 +08 [27508] FATAL:  database 37728 does not exist
2026-01-17 01:48:51.363 +08 [35652] FATAL:  database 41532 does not exist
2026-01-17 01:48:59.626 +08 [15088] FATAL:  database 37728 does not exist
2026-01-17 01:49:51.369 +08 [41076] FATAL:  database 41532 does not exist
2026-01-17 01:49:59.629 +08 [36424] FATAL:  database 37728 does not exist
2026-01-17 01:50:51.391 +08 [28032] FATAL:  database 41532 does not exist
2026-01-17 01:50:59.638 +08 [18448] FATAL:  database 37728 does not exist
2026-01-17 01:51:51.395 +08 [5840] FATAL:  database 41532 does not exist
2026-01-17 01:51:59.751 +08 [26976] FATAL:  database 37728 does not exist
2026-01-17 01:52:51.405 +08 [22464] FATAL:  database 41532 does not exist
2026-01-17 01:52:59.645 +08 [40600] FATAL:  database 37728 does not exist
2026-01-17 01:53:51.393 +08 [15368] FATAL:  database 41532 does not exist
2026-01-17 01:53:59.649 +08 [2976] FATAL:  database 37728 does not exist
2026-01-17 01:54:51.433 +08 [8304] FATAL:  database 41532 does not exist
2026-01-17 01:54:59.657 +08 [36276] FATAL:  database 37728 does not exist
2026-01-17 01:55:51.517 +08 [35564] FATAL:  database 41532 does not exist
2026-01-17 01:55:59.668 +08 [28756] FATAL:  database 37728 does not exist
2026-01-17 01:56:51.546 +08 [38820] FATAL:  database 41532 does not exist
2026-01-17 01:56:59.695 +08 [27204] FATAL:  database 37728 does not exist
2026-01-17 01:57:51.560 +08 [40596] FATAL:  database 41532 does not exist
2026-01-17 01:57:59.689 +08 [32736] FATAL:  database 37728 does not exist
2026-01-17 01:58:51.572 +08 [33084] FATAL:  database 41532 does not exist
2026-01-17 01:58:59.708 +08 [37144] FATAL:  database 37728 does not exist
2026-01-17 01:59:51.563 +08 [38676] FATAL:  database 41532 does not exist
2026-01-17 01:59:59.703 +08 [40052] FATAL:  database 37728 does not exist
2026-01-17 02:00:51.577 +08 [12476] FATAL:  database 41532 does not exist
2026-01-17 02:00:59.697 +08 [16788] FATAL:  database 37728 does not exist
2026-01-17 02:01:51.598 +08 [29800] FATAL:  database 41532 does not exist
2026-01-17 02:01:59.716 +08 [25108] FATAL:  database 37728 does not exist
2026-01-17 02:02:51.721 +08 [28072] FATAL:  database 41532 does not exist
2026-01-17 02:02:59.752 +08 [36320] FATAL:  database 37728 does not exist
2026-01-17 02:03:51.602 +08 [26584] FATAL:  database 41532 does not exist
2026-01-17 02:03:59.735 +08 [4356] FATAL:  database 37728 does not exist
2026-01-17 02:04:51.610 +08 [32956] FATAL:  database 41532 does not exist
2026-01-17 02:04:59.768 +08 [32764] FATAL:  database 37728 does not exist
2026-01-17 02:05:51.637 +08 [17072] FATAL:  database 41532 does not exist
2026-01-17 02:05:59.769 +08 [16968] FATAL:  database 37728 does not exist
2026-01-17 02:06:51.629 +08 [1252] FATAL:  database 41532 does not exist
2026-01-17 02:06:59.770 +08 [26864] FATAL:  database 37728 does not exist
2026-01-17 02:07:51.644 +08 [26584] FATAL:  database 41532 does not exist
2026-01-17 02:07:59.774 +08 [21056] FATAL:  database 37728 does not exist
2026-01-17 02:08:51.650 +08 [35704] FATAL:  database 41532 does not exist
2026-01-17 02:08:59.863 +08 [11824] FATAL:  database 37728 does not exist
2026-01-17 02:09:51.660 +08 [16936] FATAL:  database 41532 does not exist
2026-01-17 02:09:59.881 +08 [31272] FATAL:  database 37728 does not exist
2026-01-17 02:10:51.669 +08 [21196] FATAL:  database 41532 does not exist
2026-01-17 02:10:59.908 +08 [20360] FATAL:  database 37728 does not exist
2026-01-17 02:11:51.673 +08 [41140] FATAL:  database 41532 does not exist
2026-01-17 02:11:59.929 +08 [34928] FATAL:  database 37728 does not exist
2026-01-17 02:12:51.676 +08 [24624] FATAL:  database 41532 does not exist
2026-01-17 02:12:59.917 +08 [40036] FATAL:  database 37728 does not exist
2026-01-17 02:13:51.679 +08 [20140] FATAL:  database 41532 does not exist
2026-01-17 02:13:59.918 +08 [35412] FATAL:  database 37728 does not exist
2026-01-17 02:14:51.692 +08 [5312] FATAL:  database 41532 does not exist
2026-01-17 02:15:00.022 +08 [27072] FATAL:  database 37728 does not exist
2026-01-17 02:15:51.703 +08 [21560] FATAL:  database 41532 does not exist
2026-01-17 02:16:00.028 +08 [18068] FATAL:  database 37728 does not exist
2026-01-17 02:16:51.705 +08 [30940] FATAL:  database 41532 does not exist
2026-01-17 02:17:00.151 +08 [40952] FATAL:  database 37728 does not exist
2026-01-17 02:17:51.724 +08 [41156] FATAL:  database 41532 does not exist
2026-01-17 02:18:00.040 +08 [31376] FATAL:  database 37728 does not exist
2026-01-17 02:18:51.735 +08 [37692] FATAL:  database 41532 does not exist
2026-01-17 02:19:00.052 +08 [17596] FATAL:  database 37728 does not exist
2026-01-17 02:19:51.733 +08 [21676] FATAL:  database 41532 does not exist
2026-01-17 02:20:00.066 +08 [24452] FATAL:  database 37728 does not exist
2026-01-17 02:20:51.748 +08 [26764] FATAL:  database 41532 does not exist
2026-01-17 02:21:00.069 +08 [21120] FATAL:  database 37728 does not exist
2026-01-17 02:21:51.750 +08 [34804] FATAL:  database 41532 does not exist
2026-01-17 02:22:00.063 +08 [22692] FATAL:  database 37728 does not exist
2026-01-17 02:22:51.711 +08 [32712] FATAL:  database 41532 does not exist
2026-01-17 02:23:00.074 +08 [36644] FATAL:  database 37728 does not exist
2026-01-17 02:23:51.912 +08 [3760] FATAL:  database 41532 does not exist
2026-01-17 02:24:00.091 +08 [15376] FATAL:  database 37728 does not exist
2026-01-17 02:24:51.763 +08 [24420] FATAL:  database 41532 does not exist
2026-01-17 02:25:00.101 +08 [16792] FATAL:  database 37728 does not exist
2026-01-17 02:25:51.772 +08 [40072] FATAL:  database 41532 does not exist
2026-01-17 02:26:00.119 +08 [41436] FATAL:  database 37728 does not exist
2026-01-17 02:26:51.775 +08 [40860] FATAL:  database 41532 does not exist
2026-01-17 02:27:00.118 +08 [17600] FATAL:  database 37728 does not exist
2026-01-17 02:27:51.775 +08 [12016] FATAL:  database 41532 does not exist
2026-01-17 02:28:00.122 +08 [27956] FATAL:  database 37728 does not exist
2026-01-17 02:28:51.773 +08 [36856] FATAL:  database 41532 does not exist
2026-01-17 02:29:00.129 +08 [29172] FATAL:  database 37728 does not exist
2026-01-17 02:29:51.799 +08 [14228] FATAL:  database 41532 does not exist
2026-01-17 02:30:00.148 +08 [38932] FATAL:  database 37728 does not exist
2026-01-17 02:30:51.814 +08 [34892] FATAL:  database 41532 does not exist
2026-01-17 02:31:00.149 +08 [1688] FATAL:  database 37728 does not exist
2026-01-17 02:31:51.792 +08 [14612] FATAL:  database 41532 does not exist
2026-01-17 02:32:00.162 +08 [32496] FATAL:  database 37728 does not exist
2026-01-17 02:32:51.804 +08 [14404] FATAL:  database 41532 does not exist
2026-01-17 02:33:00.154 +08 [20684] FATAL:  database 37728 does not exist
2026-01-17 02:33:51.825 +08 [10760] FATAL:  database 41532 does not exist
2026-01-17 02:34:00.172 +08 [41052] FATAL:  database 37728 does not exist
2026-01-17 02:34:51.957 +08 [34260] FATAL:  database 41532 does not exist
2026-01-17 02:35:00.276 +08 [32100] FATAL:  database 37728 does not exist
2026-01-17 02:35:51.840 +08 [42264] FATAL:  database 41532 does not exist
2026-01-17 02:36:00.279 +08 [15592] FATAL:  database 37728 does not exist
2026-01-17 02:36:51.840 +08 [30916] FATAL:  database 41532 does not exist
2026-01-17 02:37:00.273 +08 [11192] FATAL:  database 37728 does not exist
2026-01-17 02:37:51.946 +08 [28388] FATAL:  database 41532 does not exist
2026-01-17 02:38:00.280 +08 [22544] FATAL:  database 37728 does not exist
2026-01-17 02:38:51.964 +08 [3508] FATAL:  database 41532 does not exist
2026-01-17 02:39:00.304 +08 [42920] FATAL:  database 37728 does not exist
2026-01-17 02:39:52.082 +08 [37184] FATAL:  database 41532 does not exist
2026-01-17 02:40:00.315 +08 [12372] FATAL:  database 37728 does not exist
2026-01-17 02:40:52.062 +08 [20432] FATAL:  database 41532 does not exist
2026-01-17 02:41:00.312 +08 [10392] FATAL:  database 37728 does not exist
2026-01-17 02:41:52.088 +08 [13688] FATAL:  database 41532 does not exist
2026-01-17 02:42:00.326 +08 [41988] FATAL:  database 37728 does not exist
2026-01-17 02:42:52.099 +08 [33428] FATAL:  database 41532 does not exist
2026-01-17 02:43:00.329 +08 [1124] FATAL:  database 37728 does not exist
2026-01-17 02:43:52.102 +08 [10340] FATAL:  database 41532 does not exist
2026-01-17 02:44:00.338 +08 [37172] FATAL:  database 37728 does not exist
2026-01-17 02:44:52.116 +08 [23032] FATAL:  database 41532 does not exist
2026-01-17 02:45:00.464 +08 [18708] FATAL:  database 37728 does not exist
2026-01-17 02:45:52.120 +08 [17440] FATAL:  database 41532 does not exist
2026-01-17 02:46:00.446 +08 [26648] FATAL:  database 37728 does not exist
2026-01-17 02:46:52.136 +08 [41968] FATAL:  database 41532 does not exist
2026-01-17 02:47:00.456 +08 [36200] FATAL:  database 37728 does not exist
2026-01-17 02:47:52.116 +08 [15704] FATAL:  database 41532 does not exist
2026-01-17 02:48:00.471 +08 [11252] FATAL:  database 37728 does not exist
2026-01-17 02:48:52.127 +08 [2052] FATAL:  database 41532 does not exist
2026-01-17 02:49:00.473 +08 [23540] FATAL:  database 37728 does not exist
2026-01-17 02:49:52.128 +08 [36780] FATAL:  database 41532 does not exist
2026-01-17 02:50:00.496 +08 [30484] FATAL:  database 37728 does not exist
2026-01-17 02:50:52.131 +08 [34388] FATAL:  database 41532 does not exist
2026-01-17 02:51:00.600 +08 [21752] FATAL:  database 37728 does not exist
2026-01-17 02:51:52.130 +08 [35760] FATAL:  database 41532 does not exist
2026-01-17 02:52:00.609 +08 [25420] FATAL:  database 37728 does not exist
2026-01-17 02:52:52.152 +08 [37804] FATAL:  database 41532 does not exist
2026-01-17 02:53:00.611 +08 [18288] FATAL:  database 37728 does not exist
2026-01-17 02:53:52.151 +08 [3048] FATAL:  database 41532 does not exist
2026-01-17 02:54:00.617 +08 [5008] FATAL:  database 37728 does not exist
2026-01-17 02:54:52.168 +08 [26084] FATAL:  database 41532 does not exist
2026-01-17 02:55:00.646 +08 [42576] FATAL:  database 37728 does not exist
2026-01-17 02:55:52.280 +08 [42296] FATAL:  database 41532 does not exist
2026-01-17 02:56:00.662 +08 [22488] FATAL:  database 37728 does not exist
2026-01-17 02:56:52.270 +08 [36180] FATAL:  database 41532 does not exist
2026-01-17 02:57:00.667 +08 [688] FATAL:  database 37728 does not exist
2026-01-17 02:57:52.287 +08 [28496] FATAL:  database 41532 does not exist
2026-01-17 02:58:00.672 +08 [37088] FATAL:  database 37728 does not exist
2026-01-17 02:58:52.293 +08 [25612] FATAL:  database 41532 does not exist
2026-01-17 02:59:00.684 +08 [16696] FATAL:  database 37728 does not exist
2026-01-17 02:59:52.281 +08 [36976] FATAL:  database 41532 does not exist
2026-01-17 03:00:00.693 +08 [2524] FATAL:  database 37728 does not exist
2026-01-17 03:00:52.296 +08 [39812] FATAL:  database 41532 does not exist
2026-01-17 03:01:00.702 +08 [21732] FATAL:  database 37728 does not exist
2026-01-17 03:01:52.406 +08 [28444] FATAL:  database 41532 does not exist
2026-01-17 03:02:00.701 +08 [31288] FATAL:  database 37728 does not exist
2026-01-17 03:02:52.404 +08 [3744] FATAL:  database 41532 does not exist
2026-01-17 03:03:00.697 +08 [8076] FATAL:  database 37728 does not exist
2026-01-17 03:03:52.403 +08 [24080] FATAL:  database 41532 does not exist
2026-01-17 03:04:00.717 +08 [22864] FATAL:  database 37728 does not exist
2026-01-17 03:04:52.424 +08 [5112] FATAL:  database 41532 does not exist
2026-01-17 03:05:00.731 +08 [31476] FATAL:  database 37728 does not exist
2026-01-17 03:05:52.435 +08 [41680] FATAL:  database 41532 does not exist
2026-01-17 03:06:00.723 +08 [19180] FATAL:  database 37728 does not exist
2026-01-17 03:06:52.438 +08 [38848] FATAL:  database 41532 does not exist
2026-01-17 03:07:00.748 +08 [17172] FATAL:  database 37728 does not exist
2026-01-17 03:07:52.446 +08 [22776] FATAL:  database 41532 does not exist
2026-01-17 03:08:00.755 +08 [29032] FATAL:  database 37728 does not exist
2026-01-17 03:08:52.437 +08 [23020] FATAL:  database 41532 does not exist
2026-01-17 03:09:00.750 +08 [42028] FATAL:  database 37728 does not exist
2026-01-17 03:09:52.453 +08 [37324] FATAL:  database 41532 does not exist
2026-01-17 03:10:00.772 +08 [24948] FATAL:  database 37728 does not exist
2026-01-17 03:10:52.466 +08 [17728] FATAL:  database 41532 does not exist
2026-01-17 03:11:00.880 +08 [4720] FATAL:  database 37728 does not exist
2026-01-17 03:11:52.476 +08 [36016] FATAL:  database 41532 does not exist
2026-01-17 03:12:00.885 +08 [19368] FATAL:  database 37728 does not exist
2026-01-17 03:12:52.477 +08 [16232] FATAL:  database 41532 does not exist
2026-01-17 03:13:00.890 +08 [28000] FATAL:  database 37728 does not exist
2026-01-17 03:13:52.484 +08 [12436] FATAL:  database 41532 does not exist
2026-01-17 03:14:00.890 +08 [3120] FATAL:  database 37728 does not exist
2026-01-17 03:14:52.494 +08 [19752] FATAL:  database 41532 does not exist
2026-01-17 03:15:00.897 +08 [24388] FATAL:  database 37728 does not exist
2026-01-17 03:15:52.495 +08 [15152] FATAL:  database 41532 does not exist
2026-01-17 03:16:00.888 +08 [32700] FATAL:  database 37728 does not exist
2026-01-17 03:16:52.486 +08 [37104] FATAL:  database 41532 does not exist
2026-01-17 03:17:00.897 +08 [17416] FATAL:  database 37728 does not exist
2026-01-17 03:17:52.493 +08 [36048] FATAL:  database 41532 does not exist
2026-01-17 03:18:00.905 +08 [31872] FATAL:  database 37728 does not exist
2026-01-17 03:18:52.505 +08 [30436] FATAL:  database 41532 does not exist
2026-01-17 03:19:00.920 +08 [31556] FATAL:  database 37728 does not exist
2026-01-17 03:19:52.511 +08 [8504] FATAL:  database 41532 does not exist
2026-01-17 03:20:00.922 +08 [20612] FATAL:  database 37728 does not exist
2026-01-17 03:20:52.533 +08 [17368] FATAL:  database 41532 does not exist
2026-01-17 03:21:01.051 +08 [24644] FATAL:  database 37728 does not exist
2026-01-17 03:21:52.642 +08 [19752] FATAL:  database 41532 does not exist
2026-01-17 03:22:01.050 +08 [31180] FATAL:  database 37728 does not exist
2026-01-17 03:22:52.652 +08 [13688] FATAL:  database 41532 does not exist
2026-01-17 03:23:01.064 +08 [31168] FATAL:  database 37728 does not exist
2026-01-17 03:23:52.757 +08 [34624] FATAL:  database 41532 does not exist
2026-01-17 03:24:01.052 +08 [40984] FATAL:  database 37728 does not exist
2026-01-17 03:41:10.495 +08 [25876] FATAL:  database 41532 does not exist
2026-01-17 03:41:10.523 +08 [4448] FATAL:  database 37728 does not exist
2026-01-17 03:45:46.436 +08 [40928] FATAL:  database 41532 does not exist
2026-01-17 03:45:54.993 +08 [22884] FATAL:  database 37728 does not exist
2026-01-17 03:53:32.872 +08 [27344] FATAL:  database 41532 does not exist
2026-01-17 03:57:04.627 +08 [37724] FATAL:  database 37728 does not exist
2026-01-17 04:16:11.848 +08 [22824] FATAL:  database 41532 does not exist
2026-01-17 04:18:45.571 +08 [12856] FATAL:  database 37728 does not exist
2026-01-17 04:31:42.791 +08 [13648] FATAL:  database 41532 does not exist
2026-01-17 04:31:51.395 +08 [17420] FATAL:  database 37728 does not exist
