2026-01-20 00:00:06.258 +08 [40532] FATAL:  database 41532 does not exist
2026-01-20 00:00:15.024 +08 [12464] FATAL:  database 37728 does not exist
2026-01-20 00:01:06.254 +08 [24400] FATAL:  database 41532 does not exist
2026-01-20 00:01:15.044 +08 [27676] FATAL:  database 37728 does not exist
2026-01-20 00:02:06.282 +08 [13112] FATAL:  database 41532 does not exist
2026-01-20 00:02:15.051 +08 [25488] FATAL:  database 37728 does not exist
2026-01-20 00:03:06.395 +08 [34312] FATAL:  database 41532 does not exist
2026-01-20 00:03:15.061 +08 [25300] FATAL:  database 37728 does not exist
2026-01-20 00:04:06.283 +08 [14876] FATAL:  database 41532 does not exist
2026-01-20 00:04:15.053 +08 [9752] FATAL:  database 37728 does not exist
2026-01-20 00:05:06.297 +08 [40492] FATAL:  database 41532 does not exist
2026-01-20 00:05:15.082 +08 [38244] FATAL:  database 37728 does not exist
2026-01-20 00:06:06.308 +08 [31368] FATAL:  database 41532 does not exist
2026-01-20 00:06:15.089 +08 [20248] FATAL:  database 37728 does not exist
2026-01-20 00:07:06.302 +08 [25556] FATAL:  database 41532 does not exist
2026-01-20 00:07:15.108 +08 [29560] FATAL:  database 37728 does not exist
2026-01-20 00:08:06.321 +08 [5360] FATAL:  database 41532 does not exist
2026-01-20 00:08:15.119 +08 [27876] FATAL:  database 37728 does not exist
2026-01-20 00:09:06.317 +08 [27296] FATAL:  database 41532 does not exist
2026-01-20 00:09:15.124 +08 [38196] FATAL:  database 37728 does not exist
2026-01-20 00:10:06.328 +08 [1588] FATAL:  database 41532 does not exist
2026-01-20 00:10:15.230 +08 [33744] FATAL:  database 37728 does not exist
2026-01-20 00:11:06.326 +08 [38344] FATAL:  database 41532 does not exist
2026-01-20 00:11:15.222 +08 [36384] FATAL:  database 37728 does not exist
2026-01-20 00:12:06.347 +08 [12848] FATAL:  database 41532 does not exist
2026-01-20 00:12:15.113 +08 [34464] FATAL:  database 37728 does not exist
2026-01-20 00:13:06.464 +08 [23472] FATAL:  database 41532 does not exist
2026-01-20 00:13:15.121 +08 [14856] FATAL:  database 37728 does not exist
2026-01-20 00:14:06.362 +08 [23472] FATAL:  database 41532 does not exist
2026-01-20 00:14:15.130 +08 [37396] FATAL:  database 37728 does not exist
2026-01-20 00:15:06.364 +08 [40416] FATAL:  database 41532 does not exist
2026-01-20 00:15:15.135 +08 [38252] FATAL:  database 37728 does not exist
2026-01-20 00:16:06.375 +08 [23308] FATAL:  database 41532 does not exist
2026-01-20 00:16:15.158 +08 [12788] FATAL:  database 37728 does not exist
2026-01-20 00:17:06.479 +08 [10104] FATAL:  database 41532 does not exist
2026-01-20 00:17:15.158 +08 [12968] FATAL:  database 37728 does not exist
2026-01-20 00:18:06.476 +08 [40788] FATAL:  database 41532 does not exist
2026-01-20 00:18:15.162 +08 [15444] FATAL:  database 37728 does not exist
2026-01-20 00:19:06.493 +08 [2356] FATAL:  database 41532 does not exist
2026-01-20 00:19:15.276 +08 [16388] FATAL:  database 37728 does not exist
2026-01-20 00:20:06.498 +08 [19656] FATAL:  database 41532 does not exist
2026-01-20 00:20:15.276 +08 [40500] FATAL:  database 37728 does not exist
2026-01-20 00:21:06.496 +08 [3676] FATAL:  database 41532 does not exist
2026-01-20 00:21:15.265 +08 [38276] FATAL:  database 37728 does not exist
2026-01-20 00:22:06.595 +08 [35456] FATAL:  database 41532 does not exist
2026-01-20 00:22:15.391 +08 [28808] FATAL:  database 37728 does not exist
2026-01-20 00:23:06.507 +08 [28168] FATAL:  database 41532 does not exist
2026-01-20 00:23:15.407 +08 [32080] FATAL:  database 37728 does not exist
2026-01-20 00:24:06.638 +08 [13668] FATAL:  database 41532 does not exist
2026-01-20 00:24:15.421 +08 [18272] FATAL:  database 37728 does not exist
2026-01-20 00:25:06.524 +08 [19568] FATAL:  database 41532 does not exist
2026-01-20 00:25:15.429 +08 [32108] FATAL:  database 37728 does not exist
2026-01-20 00:26:06.547 +08 [23600] FATAL:  database 41532 does not exist
2026-01-20 00:26:15.553 +08 [36684] FATAL:  database 37728 does not exist
2026-01-20 00:27:06.534 +08 [18548] FATAL:  database 41532 does not exist
2026-01-20 00:27:15.441 +08 [29008] FATAL:  database 37728 does not exist
2026-01-20 00:28:06.566 +08 [34876] FATAL:  database 41532 does not exist
2026-01-20 00:28:15.450 +08 [832] FATAL:  database 37728 does not exist
2026-01-20 00:29:06.579 +08 [27224] FATAL:  database 41532 does not exist
2026-01-20 00:29:15.466 +08 [28028] FATAL:  database 37728 does not exist
2026-01-20 00:30:06.583 +08 [40328] FATAL:  database 41532 does not exist
2026-01-20 00:30:15.473 +08 [33660] FATAL:  database 37728 does not exist
2026-01-20 00:31:06.591 +08 [14712] FATAL:  database 41532 does not exist
2026-01-20 00:31:15.483 +08 [19584] FATAL:  database 37728 does not exist
2026-01-20 00:32:06.585 +08 [38836] FATAL:  database 41532 does not exist
2026-01-20 00:32:15.480 +08 [20972] FATAL:  database 37728 does not exist
2026-01-20 00:33:06.588 +08 [5960] FATAL:  database 41532 does not exist
2026-01-20 00:33:15.495 +08 [21524] FATAL:  database 37728 does not exist
2026-01-20 00:34:06.615 +08 [35732] FATAL:  database 41532 does not exist
2026-01-20 00:34:15.471 +08 [31572] FATAL:  database 37728 does not exist
2026-01-20 00:35:06.616 +08 [38844] FATAL:  database 41532 does not exist
2026-01-20 00:35:15.505 +08 [30440] FATAL:  database 37728 does not exist
2026-01-20 00:36:06.608 +08 [18848] FATAL:  database 41532 does not exist
2026-01-20 00:36:15.593 +08 [24036] FATAL:  database 37728 does not exist
2026-01-20 00:37:06.627 +08 [23840] FATAL:  database 41532 does not exist
2026-01-20 00:37:15.627 +08 [31068] FATAL:  database 37728 does not exist
2026-01-20 00:38:06.619 +08 [28768] FATAL:  database 41532 does not exist
2026-01-20 00:38:15.607 +08 [30264] FATAL:  database 37728 does not exist
2026-01-20 00:42:29.790 +08 [24184] FATAL:  database 41532 does not exist
2026-01-20 00:43:07.633 +08 [30732] FATAL:  database 37728 does not exist
2026-01-20 01:09:06.420 +08 [9836] FATAL:  database 41532 does not exist
2026-01-20 01:13:36.146 +08 [6356] FATAL:  database 37728 does not exist
2026-01-20 01:35:15.846 +08 [31284] FATAL:  database 41532 does not exist
2026-01-20 01:39:16.543 +08 [21468] FATAL:  database 37728 does not exist
2026-01-20 08:08:50.619 +08 [29384] FATAL:  database 41532 does not exist
2026-01-20 08:08:59.186 +08 [14676] FATAL:  database 37728 does not exist
2026-01-20 08:09:50.638 +08 [30564] FATAL:  database 41532 does not exist
2026-01-20 08:09:59.231 +08 [14160] FATAL:  database 37728 does not exist
2026-01-20 08:10:50.652 +08 [27464] FATAL:  database 41532 does not exist
2026-01-20 08:10:59.342 +08 [30448] FATAL:  database 37728 does not exist
2026-01-20 08:11:50.662 +08 [27520] FATAL:  database 41532 does not exist
2026-01-20 08:11:59.235 +08 [20792] FATAL:  database 37728 does not exist
2026-01-20 08:12:50.688 +08 [36812] FATAL:  database 41532 does not exist
2026-01-20 08:12:59.243 +08 [23492] FATAL:  database 37728 does not exist
2026-01-20 08:13:50.686 +08 [37868] FATAL:  database 41532 does not exist
2026-01-20 08:13:59.243 +08 [33784] FATAL:  database 37728 does not exist
2026-01-20 08:14:50.698 +08 [30880] FATAL:  database 41532 does not exist
2026-01-20 08:14:59.258 +08 [22844] FATAL:  database 37728 does not exist
2026-01-20 08:15:50.789 +08 [33828] FATAL:  database 41532 does not exist
2026-01-20 08:15:59.244 +08 [35440] FATAL:  database 37728 does not exist
2026-01-20 08:16:50.808 +08 [38640] FATAL:  database 41532 does not exist
2026-01-20 08:16:59.266 +08 [22100] FATAL:  database 37728 does not exist
2026-01-20 08:17:50.816 +08 [39172] FATAL:  database 41532 does not exist
2026-01-20 08:17:59.271 +08 [2332] FATAL:  database 37728 does not exist
2026-01-20 08:18:50.805 +08 [33736] FATAL:  database 41532 does not exist
2026-01-20 08:18:59.272 +08 [12892] FATAL:  database 37728 does not exist
2026-01-20 08:19:50.815 +08 [26416] FATAL:  database 41532 does not exist
2026-01-20 08:19:59.293 +08 [15640] FATAL:  database 37728 does not exist
2026-01-20 08:20:50.839 +08 [2644] FATAL:  database 41532 does not exist
2026-01-20 08:20:59.271 +08 [35484] FATAL:  database 37728 does not exist
2026-01-20 08:21:50.828 +08 [13792] FATAL:  database 41532 does not exist
2026-01-20 08:21:59.300 +08 [12460] FATAL:  database 37728 does not exist
2026-01-20 08:22:50.874 +08 [10452] FATAL:  database 41532 does not exist
2026-01-20 08:22:59.317 +08 [10104] FATAL:  database 37728 does not exist
2026-01-20 08:23:50.859 +08 [22456] FATAL:  database 41532 does not exist
2026-01-20 08:23:59.305 +08 [27204] FATAL:  database 37728 does not exist
2026-01-20 08:24:50.873 +08 [32724] FATAL:  database 41532 does not exist
2026-01-20 08:24:59.338 +08 [32716] FATAL:  database 37728 does not exist
2026-01-20 08:25:50.861 +08 [31040] FATAL:  database 41532 does not exist
2026-01-20 08:25:59.341 +08 [28340] FATAL:  database 37728 does not exist
2026-01-20 08:26:50.995 +08 [32912] FATAL:  database 41532 does not exist
2026-01-20 08:26:59.333 +08 [28092] FATAL:  database 37728 does not exist
2026-01-20 08:27:51.081 +08 [38632] FATAL:  database 41532 does not exist
2026-01-20 08:27:59.335 +08 [30492] FATAL:  database 37728 does not exist
2026-01-20 08:28:51.112 +08 [33948] FATAL:  database 41532 does not exist
2026-01-20 08:28:59.334 +08 [35924] FATAL:  database 37728 does not exist
2026-01-20 08:29:51.196 +08 [30492] FATAL:  database 41532 does not exist
2026-01-20 08:29:59.378 +08 [30048] FATAL:  database 37728 does not exist
2026-01-20 08:30:51.204 +08 [38284] FATAL:  database 41532 does not exist
2026-01-20 08:30:59.379 +08 [16688] FATAL:  database 37728 does not exist
2026-01-20 08:31:51.234 +08 [30768] FATAL:  database 41532 does not exist
2026-01-20 08:31:59.393 +08 [31192] FATAL:  database 37728 does not exist
2026-01-20 08:32:51.232 +08 [24560] FATAL:  database 41532 does not exist
2026-01-20 08:32:59.409 +08 [15472] FATAL:  database 37728 does not exist
2026-01-20 08:33:51.241 +08 [38676] FATAL:  database 41532 does not exist
2026-01-20 08:33:59.526 +08 [33076] FATAL:  database 37728 does not exist
2026-01-20 08:34:51.334 +08 [1320] FATAL:  database 41532 does not exist
2026-01-20 08:34:59.399 +08 [31240] FATAL:  database 37728 does not exist
2026-01-20 08:35:51.398 +08 [22412] FATAL:  database 41532 does not exist
2026-01-20 08:35:59.420 +08 [38452] FATAL:  database 37728 does not exist
2026-01-20 08:36:51.374 +08 [36896] FATAL:  database 41532 does not exist
2026-01-20 08:36:59.405 +08 [30704] FATAL:  database 37728 does not exist
2026-01-20 08:37:51.369 +08 [18932] FATAL:  database 41532 does not exist
2026-01-20 08:37:59.418 +08 [38276] FATAL:  database 37728 does not exist
2026-01-20 08:38:51.385 +08 [30404] FATAL:  database 41532 does not exist
2026-01-20 08:38:59.436 +08 [37896] FATAL:  database 37728 does not exist
2026-01-20 08:39:51.504 +08 [14084] FATAL:  database 41532 does not exist
2026-01-20 08:39:59.546 +08 [40100] FATAL:  database 37728 does not exist
2026-01-20 08:40:51.404 +08 [27204] FATAL:  database 41532 does not exist
2026-01-20 08:40:59.434 +08 [36996] FATAL:  database 37728 does not exist
2026-01-20 08:41:51.386 +08 [40244] FATAL:  database 41532 does not exist
2026-01-20 08:41:59.459 +08 [32304] FATAL:  database 37728 does not exist
2026-01-20 08:42:51.408 +08 [29220] FATAL:  database 41532 does not exist
2026-01-20 08:42:59.444 +08 [30536] FATAL:  database 37728 does not exist
2026-01-20 08:43:51.416 +08 [35856] FATAL:  database 41532 does not exist
2026-01-20 08:43:59.474 +08 [40612] FATAL:  database 37728 does not exist
2026-01-20 08:44:51.423 +08 [7428] FATAL:  database 41532 does not exist
2026-01-20 08:44:59.472 +08 [39276] FATAL:  database 37728 does not exist
2026-01-20 08:45:51.439 +08 [27164] FATAL:  database 41532 does not exist
2026-01-20 08:45:59.504 +08 [20108] FATAL:  database 37728 does not exist
2026-01-20 08:46:51.423 +08 [26628] FATAL:  database 41532 does not exist
2026-01-20 08:46:59.582 +08 [34080] FATAL:  database 37728 does not exist
2026-01-20 08:47:51.439 +08 [15992] FATAL:  database 41532 does not exist
2026-01-20 08:47:59.709 +08 [13524] FATAL:  database 37728 does not exist
2026-01-20 08:48:51.449 +08 [14196] FATAL:  database 41532 does not exist
2026-01-20 08:48:59.593 +08 [18532] FATAL:  database 37728 does not exist
2026-01-20 08:49:51.444 +08 [24780] FATAL:  database 41532 does not exist
2026-01-20 08:49:59.605 +08 [30132] FATAL:  database 37728 does not exist
2026-01-20 08:50:51.456 +08 [37148] FATAL:  database 41532 does not exist
2026-01-20 08:50:59.600 +08 [11036] FATAL:  database 37728 does not exist
2026-01-20 08:51:51.472 +08 [19660] FATAL:  database 41532 does not exist
2026-01-20 08:51:59.594 +08 [28740] FATAL:  database 37728 does not exist
2026-01-20 08:52:51.578 +08 [5912] FATAL:  database 41532 does not exist
2026-01-20 08:52:59.728 +08 [40476] FATAL:  database 37728 does not exist
2026-01-20 08:53:51.592 +08 [13336] FATAL:  database 41532 does not exist
2026-01-20 08:53:59.622 +08 [20544] FATAL:  database 37728 does not exist
2026-01-20 08:54:51.611 +08 [15212] FATAL:  database 41532 does not exist
2026-01-20 08:54:59.630 +08 [24336] FATAL:  database 37728 does not exist
2026-01-20 08:55:51.610 +08 [23580] FATAL:  database 41532 does not exist
2026-01-20 08:55:59.636 +08 [3844] FATAL:  database 37728 does not exist
2026-01-20 08:56:51.614 +08 [35020] FATAL:  database 41532 does not exist
2026-01-20 08:56:59.662 +08 [28692] FATAL:  database 37728 does not exist
2026-01-20 08:57:51.615 +08 [32336] FATAL:  database 41532 does not exist
2026-01-20 08:57:59.646 +08 [27544] FATAL:  database 37728 does not exist
2026-01-20 08:58:51.617 +08 [6420] FATAL:  database 41532 does not exist
2026-01-20 08:58:59.668 +08 [35832] FATAL:  database 37728 does not exist
2026-01-20 08:59:51.651 +08 [15996] FATAL:  database 41532 does not exist
2026-01-20 08:59:59.678 +08 [35472] FATAL:  database 37728 does not exist
2026-01-20 09:00:51.654 +08 [1296] FATAL:  database 41532 does not exist
2026-01-20 09:00:59.700 +08 [19324] FATAL:  database 37728 does not exist
2026-01-20 09:01:51.665 +08 [38560] FATAL:  database 41532 does not exist
2026-01-20 09:01:59.712 +08 [28916] FATAL:  database 37728 does not exist
2026-01-20 09:02:51.662 +08 [24036] FATAL:  database 41532 does not exist
2026-01-20 09:02:59.702 +08 [15432] FATAL:  database 37728 does not exist
2026-01-20 09:03:51.661 +08 [23224] FATAL:  database 41532 does not exist
2026-01-20 09:03:59.709 +08 [30780] FATAL:  database 37728 does not exist
2026-01-20 09:04:51.670 +08 [5024] FATAL:  database 41532 does not exist
2026-01-20 09:04:59.722 +08 [33128] FATAL:  database 37728 does not exist
2026-01-20 09:05:51.692 +08 [14312] FATAL:  database 41532 does not exist
2026-01-20 09:05:59.728 +08 [31232] FATAL:  database 37728 does not exist
2026-01-20 09:06:51.702 +08 [2704] FATAL:  database 41532 does not exist
2026-01-20 09:06:59.753 +08 [27256] FATAL:  database 37728 does not exist
2026-01-20 09:07:51.703 +08 [18292] FATAL:  database 41532 does not exist
2026-01-20 09:07:59.757 +08 [25108] FATAL:  database 37728 does not exist
2026-01-20 09:08:51.802 +08 [21376] FATAL:  database 41532 does not exist
2026-01-20 09:08:59.752 +08 [28064] FATAL:  database 37728 does not exist
2026-01-20 09:09:51.830 +08 [11176] FATAL:  database 41532 does not exist
2026-01-20 09:09:59.766 +08 [34048] FATAL:  database 37728 does not exist
2026-01-20 09:10:51.823 +08 [40652] FATAL:  database 41532 does not exist
2026-01-20 09:10:59.773 +08 [37404] FATAL:  database 37728 does not exist
2026-01-20 09:11:51.843 +08 [17576] FATAL:  database 41532 does not exist
2026-01-20 09:11:59.784 +08 [21524] FATAL:  database 37728 does not exist
2026-01-20 09:12:51.848 +08 [36392] FATAL:  database 41532 does not exist
2026-01-20 09:12:59.765 +08 [13924] FATAL:  database 37728 does not exist
2026-01-20 09:13:51.857 +08 [32000] FATAL:  database 41532 does not exist
2026-01-20 09:13:59.809 +08 [31032] FATAL:  database 37728 does not exist
2026-01-20 09:14:51.858 +08 [35560] FATAL:  database 41532 does not exist
2026-01-20 09:14:59.916 +08 [12988] FATAL:  database 37728 does not exist
2026-01-20 09:15:51.856 +08 [1128] FATAL:  database 41532 does not exist
2026-01-20 09:15:59.806 +08 [40516] FATAL:  database 37728 does not exist
2026-01-20 09:16:51.890 +08 [5912] FATAL:  database 41532 does not exist
2026-01-20 09:16:59.822 +08 [1980] FATAL:  database 37728 does not exist
2026-01-20 09:17:51.887 +08 [20620] FATAL:  database 41532 does not exist
2026-01-20 09:17:59.822 +08 [27516] FATAL:  database 37728 does not exist
2026-01-20 09:18:51.879 +08 [14304] FATAL:  database 41532 does not exist
2026-01-20 09:18:59.850 +08 [38816] FATAL:  database 37728 does not exist
2026-01-20 09:19:51.902 +08 [18348] FATAL:  database 41532 does not exist
2026-01-20 09:19:59.846 +08 [5404] FATAL:  database 37728 does not exist
2026-01-20 09:20:51.902 +08 [39624] FATAL:  database 41532 does not exist
2026-01-20 09:20:59.947 +08 [19168] FATAL:  database 37728 does not exist
2026-01-20 09:21:51.915 +08 [21996] FATAL:  database 41532 does not exist
2026-01-20 09:22:00.061 +08 [13440] FATAL:  database 37728 does not exist
2026-01-20 09:22:51.916 +08 [39692] FATAL:  database 41532 does not exist
2026-01-20 09:23:00.075 +08 [40676] FATAL:  database 37728 does not exist
2026-01-20 09:23:51.923 +08 [33548] FATAL:  database 41532 does not exist
2026-01-20 09:24:00.067 +08 [27912] FATAL:  database 37728 does not exist
2026-01-20 09:24:51.923 +08 [30084] FATAL:  database 41532 does not exist
2026-01-20 09:25:00.060 +08 [15708] FATAL:  database 37728 does not exist
2026-01-20 09:25:52.043 +08 [19480] FATAL:  database 41532 does not exist
2026-01-20 09:26:00.085 +08 [11248] FATAL:  database 37728 does not exist
2026-01-20 09:26:52.043 +08 [29744] FATAL:  database 41532 does not exist
2026-01-20 09:27:00.076 +08 [5956] FATAL:  database 37728 does not exist
2026-01-20 09:27:52.066 +08 [40592] FATAL:  database 41532 does not exist
2026-01-20 09:28:00.082 +08 [37244] FATAL:  database 37728 does not exist
2026-01-20 09:28:52.156 +08 [33904] FATAL:  database 41532 does not exist
2026-01-20 09:29:00.111 +08 [40784] FATAL:  database 37728 does not exist
2026-01-20 09:29:52.167 +08 [24040] FATAL:  database 41532 does not exist
2026-01-20 09:30:00.120 +08 [34908] FATAL:  database 37728 does not exist
2026-01-20 09:30:52.185 +08 [11260] FATAL:  database 41532 does not exist
2026-01-20 09:31:00.126 +08 [22000] FATAL:  database 37728 does not exist
2026-01-20 09:31:52.196 +08 [37856] FATAL:  database 41532 does not exist
2026-01-20 09:32:00.131 +08 [31108] FATAL:  database 37728 does not exist
2026-01-20 09:32:52.199 +08 [8456] FATAL:  database 41532 does not exist
2026-01-20 09:33:00.140 +08 [5700] FATAL:  database 37728 does not exist
2026-01-20 09:33:52.309 +08 [26856] FATAL:  database 41532 does not exist
2026-01-20 09:34:00.153 +08 [24352] FATAL:  database 37728 does not exist
2026-01-20 09:34:52.432 +08 [3200] FATAL:  database 41532 does not exist
2026-01-20 09:35:00.275 +08 [10308] FATAL:  database 37728 does not exist
2026-01-20 09:35:52.435 +08 [9412] FATAL:  database 41532 does not exist
2026-01-20 09:36:00.150 +08 [3588] FATAL:  database 37728 does not exist
2026-01-20 09:36:52.433 +08 [22024] FATAL:  database 41532 does not exist
2026-01-20 09:37:00.263 +08 [31648] FATAL:  database 37728 does not exist
2026-01-20 09:37:52.462 +08 [27924] FATAL:  database 41532 does not exist
2026-01-20 09:38:00.295 +08 [18848] FATAL:  database 37728 does not exist
2026-01-20 09:38:52.462 +08 [29468] FATAL:  database 41532 does not exist
2026-01-20 09:39:00.295 +08 [16108] FATAL:  database 37728 does not exist
2026-01-20 09:39:52.471 +08 [39564] FATAL:  database 41532 does not exist
2026-01-20 09:40:00.316 +08 [5956] FATAL:  database 37728 does not exist
2026-01-20 09:40:52.454 +08 [20636] FATAL:  database 41532 does not exist
2026-01-20 09:41:00.325 +08 [33008] FATAL:  database 37728 does not exist
2026-01-20 09:41:52.599 +08 [35320] FATAL:  database 41532 does not exist
2026-01-20 09:42:00.330 +08 [30788] FATAL:  database 37728 does not exist
2026-01-20 09:42:52.488 +08 [31040] FATAL:  database 41532 does not exist
2026-01-20 09:43:00.352 +08 [39968] FATAL:  database 37728 does not exist
2026-01-20 09:43:52.505 +08 [2560] FATAL:  database 41532 does not exist
2026-01-20 09:44:00.323 +08 [33628] FATAL:  database 37728 does not exist
2026-01-20 09:44:52.520 +08 [13916] FATAL:  database 41532 does not exist
2026-01-20 09:45:00.357 +08 [13980] FATAL:  database 37728 does not exist
2026-01-20 09:45:52.521 +08 [37216] FATAL:  database 41532 does not exist
2026-01-20 09:46:00.350 +08 [36532] FATAL:  database 37728 does not exist
2026-01-20 09:46:10.070 +08 [35336] ERROR:  update or delete on table "event_event" violates foreign key constraint "event_registration_event_id_fkey" on table "event_registration"
2026-01-20 09:46:10.070 +08 [35336] DETAIL:  Key (id)=(10) is still referenced from table "event_registration".
2026-01-20 09:46:10.070 +08 [35336] STATEMENT:  DELETE FROM "event_event" WHERE id IN (10)
2026-01-20 09:46:16.066 +08 [35336] ERROR:  update or delete on table "event_event" violates foreign key constraint "event_registration_event_id_fkey" on table "event_registration"
2026-01-20 09:46:16.066 +08 [35336] DETAIL:  Key (id)=(1) is still referenced from table "event_registration".
2026-01-20 09:46:16.066 +08 [35336] STATEMENT:  DELETE FROM "event_event" WHERE id IN (1)
2026-01-20 09:46:52.509 +08 [4600] FATAL:  database 41532 does not exist
2026-01-20 09:47:00.357 +08 [35684] FATAL:  database 37728 does not exist
2026-01-20 09:47:52.620 +08 [10628] FATAL:  database 41532 does not exist
2026-01-20 09:48:00.382 +08 [30108] FATAL:  database 37728 does not exist
2026-01-20 09:48:52.620 +08 [11428] FATAL:  database 41532 does not exist
2026-01-20 09:49:00.398 +08 [34672] FATAL:  database 37728 does not exist
2026-01-20 09:49:52.672 +08 [19764] FATAL:  database 41532 does not exist
2026-01-20 09:50:00.412 +08 [39608] FATAL:  database 37728 does not exist
2026-01-20 09:50:52.776 +08 [28612] FATAL:  database 41532 does not exist
2026-01-20 09:51:00.502 +08 [23796] FATAL:  database 37728 does not exist
2026-01-20 09:51:52.655 +08 [19004] FATAL:  database 41532 does not exist
2026-01-20 09:52:00.407 +08 [10036] FATAL:  database 37728 does not exist
2026-01-20 09:52:52.663 +08 [5072] FATAL:  database 41532 does not exist
2026-01-20 09:53:00.401 +08 [12156] FATAL:  database 37728 does not exist
2026-01-20 09:53:52.658 +08 [22456] FATAL:  database 41532 does not exist
2026-01-20 09:54:00.405 +08 [26004] FATAL:  database 37728 does not exist
2026-01-20 09:54:52.784 +08 [27504] FATAL:  database 41532 does not exist
2026-01-20 09:55:00.516 +08 [31260] FATAL:  database 37728 does not exist
2026-01-20 09:55:52.780 +08 [21032] FATAL:  database 41532 does not exist
2026-01-20 09:56:00.531 +08 [22712] FATAL:  database 37728 does not exist
2026-01-20 09:56:52.812 +08 [14968] FATAL:  database 41532 does not exist
2026-01-20 09:57:00.550 +08 [9312] FATAL:  database 37728 does not exist
2026-01-20 09:57:52.818 +08 [26340] FATAL:  database 41532 does not exist
2026-01-20 09:58:00.558 +08 [23492] FATAL:  database 37728 does not exist
2026-01-20 09:58:52.815 +08 [39744] FATAL:  database 41532 does not exist
2026-01-20 09:59:00.540 +08 [34828] FATAL:  database 37728 does not exist
2026-01-20 09:59:52.832 +08 [23072] FATAL:  database 41532 does not exist
2026-01-20 10:00:00.573 +08 [35360] FATAL:  database 37728 does not exist
2026-01-20 10:00:52.840 +08 [6288] FATAL:  database 41532 does not exist
2026-01-20 10:01:00.562 +08 [22412] FATAL:  database 37728 does not exist
2026-01-20 10:01:52.822 +08 [24424] FATAL:  database 41532 does not exist
2026-01-20 10:02:00.564 +08 [23716] FATAL:  database 37728 does not exist
2026-01-20 10:02:52.978 +08 [32960] FATAL:  database 41532 does not exist
2026-01-20 10:03:00.684 +08 [2444] FATAL:  database 37728 does not exist
2026-01-20 10:03:52.965 +08 [39964] FATAL:  database 41532 does not exist
2026-01-20 10:04:00.710 +08 [30732] FATAL:  database 37728 does not exist
2026-01-20 10:04:52.950 +08 [18508] FATAL:  database 41532 does not exist
2026-01-20 10:05:00.709 +08 [36660] FATAL:  database 37728 does not exist
2026-01-20 10:05:52.982 +08 [36504] FATAL:  database 41532 does not exist
2026-01-20 10:06:00.696 +08 [30824] FATAL:  database 37728 does not exist
2026-01-20 10:06:52.969 +08 [22372] FATAL:  database 41532 does not exist
2026-01-20 10:07:00.705 +08 [25096] FATAL:  database 37728 does not exist
2026-01-20 10:07:52.977 +08 [24960] FATAL:  database 41532 does not exist
2026-01-20 10:08:00.731 +08 [24184] FATAL:  database 37728 does not exist
2026-01-20 10:08:52.971 +08 [31224] FATAL:  database 41532 does not exist
2026-01-20 10:09:00.840 +08 [4480] FATAL:  database 37728 does not exist
2026-01-20 10:09:52.977 +08 [6988] FATAL:  database 41532 does not exist
2026-01-20 10:10:00.866 +08 [35192] FATAL:  database 37728 does not exist
2026-01-20 10:10:52.990 +08 [18344] FATAL:  database 41532 does not exist
2026-01-20 10:11:00.848 +08 [24240] FATAL:  database 37728 does not exist
2026-01-20 10:11:52.997 +08 [9412] FATAL:  database 41532 does not exist
2026-01-20 10:12:00.836 +08 [29148] FATAL:  database 37728 does not exist
2026-01-20 10:12:53.012 +08 [39436] FATAL:  database 41532 does not exist
2026-01-20 10:13:00.857 +08 [35568] FATAL:  database 37728 does not exist
2026-01-20 10:13:53.004 +08 [37528] FATAL:  database 41532 does not exist
2026-01-20 10:14:00.885 +08 [34316] FATAL:  database 37728 does not exist
2026-01-20 10:14:53.010 +08 [18604] FATAL:  database 41532 does not exist
2026-01-20 10:15:00.888 +08 [33476] FATAL:  database 37728 does not exist
2026-01-20 10:15:53.032 +08 [14280] FATAL:  database 41532 does not exist
2026-01-20 10:16:00.910 +08 [24036] FATAL:  database 37728 does not exist
2026-01-20 10:16:53.029 +08 [31956] FATAL:  database 41532 does not exist
2026-01-20 10:17:00.882 +08 [14628] FATAL:  database 37728 does not exist
2026-01-20 10:17:53.034 +08 [29824] FATAL:  database 41532 does not exist
2026-01-20 10:18:00.917 +08 [15428] FATAL:  database 37728 does not exist
2026-01-20 10:18:53.039 +08 [39024] FATAL:  database 41532 does not exist
2026-01-20 10:19:00.946 +08 [17216] FATAL:  database 37728 does not exist
2026-01-20 10:19:53.058 +08 [5068] FATAL:  database 41532 does not exist
2026-01-20 10:20:00.950 +08 [36096] FATAL:  database 37728 does not exist
2026-01-20 10:20:53.058 +08 [26708] FATAL:  database 41532 does not exist
2026-01-20 10:21:00.935 +08 [30472] FATAL:  database 37728 does not exist
2026-01-20 10:21:53.061 +08 [26820] FATAL:  database 41532 does not exist
2026-01-20 10:22:00.946 +08 [32068] FATAL:  database 37728 does not exist
2026-01-20 10:22:53.085 +08 [33312] FATAL:  database 41532 does not exist
2026-01-20 10:23:01.086 +08 [24184] FATAL:  database 37728 does not exist
2026-01-20 10:23:53.108 +08 [15788] FATAL:  database 41532 does not exist
2026-01-20 10:24:01.045 +08 [30672] FATAL:  database 37728 does not exist
2026-01-20 10:24:53.109 +08 [3584] FATAL:  database 41532 does not exist
2026-01-20 10:25:01.083 +08 [15876] FATAL:  database 37728 does not exist
2026-01-20 10:25:53.106 +08 [35736] FATAL:  database 41532 does not exist
2026-01-20 10:26:01.101 +08 [32276] FATAL:  database 37728 does not exist
2026-01-20 10:26:53.119 +08 [14856] FATAL:  database 41532 does not exist
2026-01-20 10:27:01.112 +08 [40032] FATAL:  database 37728 does not exist
2026-01-20 10:27:53.105 +08 [12560] FATAL:  database 41532 does not exist
2026-01-20 10:28:01.108 +08 [6964] FATAL:  database 37728 does not exist
2026-01-20 10:28:53.126 +08 [26228] FATAL:  database 41532 does not exist
2026-01-20 10:29:01.112 +08 [19268] FATAL:  database 37728 does not exist
2026-01-20 10:29:53.112 +08 [4012] FATAL:  database 41532 does not exist
2026-01-20 10:30:01.126 +08 [29548] FATAL:  database 37728 does not exist
2026-01-20 10:30:53.127 +08 [34804] FATAL:  database 41532 does not exist
2026-01-20 10:31:01.123 +08 [14264] FATAL:  database 37728 does not exist
2026-01-20 10:31:53.240 +08 [34900] FATAL:  database 41532 does not exist
2026-01-20 10:32:01.106 +08 [23888] FATAL:  database 37728 does not exist
2026-01-20 10:32:53.235 +08 [39144] FATAL:  database 41532 does not exist
2026-01-20 10:33:01.158 +08 [23988] FATAL:  database 37728 does not exist
2026-01-20 10:33:53.253 +08 [776] FATAL:  database 41532 does not exist
2026-01-20 10:34:01.188 +08 [2980] FATAL:  database 37728 does not exist
2026-01-20 10:34:53.270 +08 [39448] FATAL:  database 41532 does not exist
2026-01-20 10:35:01.281 +08 [22824] FATAL:  database 37728 does not exist
2026-01-20 10:35:53.272 +08 [11380] FATAL:  database 41532 does not exist
2026-01-20 10:36:01.175 +08 [35948] FATAL:  database 37728 does not exist
2026-01-20 10:36:53.280 +08 [36532] FATAL:  database 41532 does not exist
2026-01-20 10:37:01.186 +08 [33980] FATAL:  database 37728 does not exist
2026-01-20 10:37:53.290 +08 [31108] FATAL:  database 41532 does not exist
2026-01-20 10:38:01.181 +08 [34920] FATAL:  database 37728 does not exist
2026-01-20 10:38:53.272 +08 [37820] FATAL:  database 41532 does not exist
2026-01-20 10:39:01.175 +08 [3512] FATAL:  database 37728 does not exist
2026-01-20 10:39:53.282 +08 [38316] FATAL:  database 41532 does not exist
2026-01-20 10:40:01.190 +08 [2748] FATAL:  database 37728 does not exist
2026-01-20 10:40:53.298 +08 [3544] FATAL:  database 41532 does not exist
2026-01-20 10:41:01.189 +08 [39388] FATAL:  database 37728 does not exist
2026-01-20 10:41:53.292 +08 [37196] FATAL:  database 41532 does not exist
2026-01-20 10:42:01.279 +08 [34976] FATAL:  database 37728 does not exist
2026-01-20 10:42:53.448 +08 [14400] FATAL:  database 41532 does not exist
2026-01-20 10:43:01.313 +08 [27068] FATAL:  database 37728 does not exist
2026-01-20 10:43:53.332 +08 [15796] FATAL:  database 41532 does not exist
2026-01-20 10:44:01.430 +08 [22436] FATAL:  database 37728 does not exist
2026-01-20 10:44:53.349 +08 [39700] FATAL:  database 41532 does not exist
2026-01-20 10:45:01.432 +08 [36744] FATAL:  database 37728 does not exist
2026-01-20 10:45:53.345 +08 [28596] FATAL:  database 41532 does not exist
2026-01-20 10:46:01.435 +08 [6692] FATAL:  database 37728 does not exist
2026-01-20 10:46:53.370 +08 [15796] FATAL:  database 41532 does not exist
2026-01-20 10:47:01.428 +08 [25548] FATAL:  database 37728 does not exist
2026-01-20 10:47:53.375 +08 [17076] FATAL:  database 41532 does not exist
2026-01-20 10:48:01.549 +08 [26192] FATAL:  database 37728 does not exist
2026-01-20 10:48:53.366 +08 [36412] FATAL:  database 41532 does not exist
2026-01-20 10:49:01.675 +08 [32804] FATAL:  database 37728 does not exist
2026-01-20 10:49:53.392 +08 [11260] FATAL:  database 41532 does not exist
2026-01-20 10:50:01.560 +08 [32224] FATAL:  database 37728 does not exist
2026-01-20 10:50:53.397 +08 [15200] FATAL:  database 41532 does not exist
2026-01-20 10:51:01.565 +08 [33760] FATAL:  database 37728 does not exist
2026-01-20 10:51:53.379 +08 [17976] FATAL:  database 41532 does not exist
2026-01-20 10:52:01.568 +08 [20924] FATAL:  database 37728 does not exist
2026-01-20 10:52:53.423 +08 [24568] FATAL:  database 41532 does not exist
2026-01-20 10:53:01.587 +08 [39648] FATAL:  database 37728 does not exist
2026-01-20 10:53:53.420 +08 [19888] FATAL:  database 41532 does not exist
2026-01-20 10:54:01.589 +08 [11456] FATAL:  database 37728 does not exist
2026-01-20 10:54:53.415 +08 [21988] FATAL:  database 41532 does not exist
2026-01-20 10:55:01.675 +08 [27956] FATAL:  database 37728 does not exist
2026-01-20 10:55:53.434 +08 [17836] FATAL:  database 41532 does not exist
2026-01-20 10:56:01.712 +08 [18372] FATAL:  database 37728 does not exist
2026-01-20 10:56:53.554 +08 [28092] FATAL:  database 41532 does not exist
2026-01-20 10:57:01.695 +08 [38244] FATAL:  database 37728 does not exist
2026-01-20 10:57:53.441 +08 [3512] FATAL:  database 41532 does not exist
2026-01-20 10:58:01.699 +08 [10220] FATAL:  database 37728 does not exist
2026-01-20 10:58:53.440 +08 [22372] FATAL:  database 41532 does not exist
2026-01-20 10:59:01.709 +08 [35440] FATAL:  database 37728 does not exist
2026-01-20 10:59:53.564 +08 [34328] FATAL:  database 41532 does not exist
2026-01-20 11:00:01.707 +08 [34068] FATAL:  database 37728 does not exist
2026-01-20 11:00:53.461 +08 [19768] FATAL:  database 41532 does not exist
2026-01-20 11:01:01.710 +08 [15104] FATAL:  database 37728 does not exist
2026-01-20 11:01:53.566 +08 [15704] FATAL:  database 41532 does not exist
2026-01-20 11:02:01.719 +08 [34256] FATAL:  database 37728 does not exist
2026-01-20 11:02:53.565 +08 [24156] FATAL:  database 41532 does not exist
2026-01-20 11:03:01.727 +08 [29580] FATAL:  database 37728 does not exist
2026-01-20 11:03:53.586 +08 [26232] FATAL:  database 41532 does not exist
2026-01-20 11:04:01.734 +08 [36708] FATAL:  database 37728 does not exist
2026-01-20 11:04:53.583 +08 [15852] FATAL:  database 41532 does not exist
2026-01-20 11:05:01.727 +08 [27068] FATAL:  database 37728 does not exist
2026-01-20 11:05:53.589 +08 [40368] FATAL:  database 41532 does not exist
2026-01-20 11:06:01.734 +08 [24164] FATAL:  database 37728 does not exist
2026-01-20 11:06:53.615 +08 [40436] FATAL:  database 41532 does not exist
2026-01-20 11:07:01.734 +08 [30528] FATAL:  database 37728 does not exist
2026-01-20 11:07:53.596 +08 [28744] FATAL:  database 41532 does not exist
2026-01-20 11:08:01.749 +08 [10548] FATAL:  database 37728 does not exist
2026-01-20 11:08:53.625 +08 [22844] FATAL:  database 41532 does not exist
2026-01-20 11:08:58.358 +08 [20356] LOG:  could not receive data from client: An existing connection was forcibly closed by the remote host.
	
2026-01-20 11:08:58.358 +08 [35336] LOG:  could not receive data from client: An existing connection was forcibly closed by the remote host.
	
2026-01-20 11:08:58.374 +08 [18800] LOG:  could not receive data from client: An existing connection was forcibly closed by the remote host.
	
2026-01-20 11:08:58.374 +08 [33768] LOG:  could not receive data from client: An existing connection was forcibly closed by the remote host.
	
2026-01-20 11:08:58.376 +08 [26668] LOG:  could not receive data from client: An existing connection was forcibly closed by the remote host.
	
2026-01-20 11:08:58.378 +08 [12944] LOG:  could not receive data from client: An existing connection was forcibly closed by the remote host.
	
2026-01-20 11:09:01.763 +08 [20432] FATAL:  database 37728 does not exist
2026-01-20 11:09:53.740 +08 [35564] FATAL:  database 41532 does not exist
2026-01-20 11:10:01.879 +08 [23116] FATAL:  database 37728 does not exist
2026-01-20 11:10:53.724 +08 [20188] FATAL:  database 41532 does not exist
2026-01-20 11:11:01.762 +08 [24940] FATAL:  database 37728 does not exist
2026-01-20 11:11:53.763 +08 [32220] FATAL:  database 41532 does not exist
2026-01-20 11:12:01.770 +08 [24424] FATAL:  database 37728 does not exist
2026-01-20 11:12:53.744 +08 [1504] FATAL:  database 41532 does not exist
2026-01-20 11:13:01.769 +08 [39700] FATAL:  database 37728 does not exist
2026-01-20 11:13:53.753 +08 [29420] FATAL:  database 41532 does not exist
2026-01-20 11:14:01.869 +08 [24928] FATAL:  database 37728 does not exist
2026-01-20 11:14:53.767 +08 [37588] FATAL:  database 41532 does not exist
2026-01-20 11:15:01.889 +08 [37480] FATAL:  database 37728 does not exist
2026-01-20 11:15:53.777 +08 [34352] FATAL:  database 41532 does not exist
2026-01-20 11:16:01.889 +08 [15152] FATAL:  database 37728 does not exist
2026-01-20 11:16:53.755 +08 [27640] FATAL:  database 41532 does not exist
2026-01-20 11:17:01.893 +08 [25148] FATAL:  database 37728 does not exist
2026-01-20 11:17:53.772 +08 [30420] FATAL:  database 41532 does not exist
2026-01-20 11:18:01.914 +08 [2284] FATAL:  database 37728 does not exist
2026-01-20 11:18:53.793 +08 [21428] FATAL:  database 41532 does not exist
2026-01-20 11:19:02.042 +08 [6204] FATAL:  database 37728 does not exist
2026-01-20 11:19:53.801 +08 [2460] FATAL:  database 41532 does not exist
2026-01-20 11:20:02.160 +08 [40680] FATAL:  database 37728 does not exist
2026-01-20 11:20:53.789 +08 [25644] FATAL:  database 41532 does not exist
2026-01-20 11:21:02.038 +08 [33604] FATAL:  database 37728 does not exist
2026-01-20 11:21:53.799 +08 [6480] FATAL:  database 41532 does not exist
2026-01-20 11:22:02.036 +08 [14612] FATAL:  database 37728 does not exist
2026-01-20 11:22:53.821 +08 [20980] FATAL:  database 41532 does not exist
2026-01-20 11:23:02.051 +08 [40300] FATAL:  database 37728 does not exist
2026-01-20 11:23:53.827 +08 [13092] FATAL:  database 41532 does not exist
2026-01-20 11:24:02.046 +08 [39508] FATAL:  database 37728 does not exist
2026-01-20 11:24:53.845 +08 [38832] FATAL:  database 41532 does not exist
2026-01-20 11:25:02.063 +08 [30196] FATAL:  database 37728 does not exist
2026-01-20 11:25:53.851 +08 [30072] FATAL:  database 41532 does not exist
2026-01-20 11:26:02.082 +08 [39988] FATAL:  database 37728 does not exist
2026-01-20 11:26:53.971 +08 [34272] FATAL:  database 41532 does not exist
2026-01-20 11:27:02.090 +08 [7400] FATAL:  database 37728 does not exist
2026-01-20 11:27:53.882 +08 [28188] FATAL:  database 41532 does not exist
2026-01-20 11:28:02.102 +08 [39820] FATAL:  database 37728 does not exist
2026-01-20 11:28:53.891 +08 [12988] FATAL:  database 41532 does not exist
2026-01-20 11:29:02.106 +08 [24692] FATAL:  database 37728 does not exist
2026-01-20 11:29:53.906 +08 [32144] FATAL:  database 41532 does not exist
2026-01-20 11:30:02.110 +08 [40336] FATAL:  database 37728 does not exist
2026-01-20 11:30:53.901 +08 [26108] FATAL:  database 41532 does not exist
2026-01-20 11:31:02.098 +08 [25052] FATAL:  database 37728 does not exist
2026-01-20 11:31:53.894 +08 [3776] FATAL:  database 41532 does not exist
2026-01-20 11:32:02.111 +08 [25612] FATAL:  database 37728 does not exist
2026-01-20 11:32:53.920 +08 [9032] FATAL:  database 41532 does not exist
2026-01-20 11:33:02.218 +08 [25244] FATAL:  database 37728 does not exist
2026-01-20 11:33:53.916 +08 [28956] FATAL:  database 41532 does not exist
2026-01-20 11:34:02.235 +08 [35244] FATAL:  database 37728 does not exist
2026-01-20 11:34:53.931 +08 [34604] FATAL:  database 41532 does not exist
2026-01-20 11:35:02.236 +08 [31972] FATAL:  database 37728 does not exist
2026-01-20 11:35:53.915 +08 [33896] FATAL:  database 41532 does not exist
2026-01-20 11:36:02.259 +08 [25716] FATAL:  database 37728 does not exist
2026-01-20 11:36:53.945 +08 [31344] FATAL:  database 41532 does not exist
2026-01-20 11:37:02.261 +08 [35612] FATAL:  database 37728 does not exist
2026-01-20 11:37:53.950 +08 [40768] FATAL:  database 41532 does not exist
2026-01-20 11:38:02.238 +08 [8724] FATAL:  database 37728 does not exist
2026-01-20 11:38:53.958 +08 [36444] FATAL:  database 41532 does not exist
2026-01-20 11:39:02.397 +08 [19708] FATAL:  database 37728 does not exist
2026-01-20 11:39:53.969 +08 [22200] FATAL:  database 41532 does not exist
2026-01-20 11:40:02.484 +08 [36996] FATAL:  database 37728 does not exist
2026-01-20 11:40:53.977 +08 [5464] FATAL:  database 41532 does not exist
2026-01-20 11:41:02.496 +08 [37384] FATAL:  database 37728 does not exist
2026-01-20 11:41:53.981 +08 [1588] FATAL:  database 41532 does not exist
2026-01-20 11:42:02.515 +08 [39480] FATAL:  database 37728 does not exist
2026-01-20 11:42:53.982 +08 [32900] FATAL:  database 41532 does not exist
2026-01-20 11:43:02.515 +08 [9248] FATAL:  database 37728 does not exist
2026-01-20 11:43:53.982 +08 [14024] FATAL:  database 41532 does not exist
2026-01-20 11:44:02.504 +08 [24216] FATAL:  database 37728 does not exist
2026-01-20 11:44:53.993 +08 [7364] FATAL:  database 41532 does not exist
2026-01-20 11:45:02.507 +08 [14156] FATAL:  database 37728 does not exist
2026-01-20 11:45:54.026 +08 [39944] FATAL:  database 41532 does not exist
2026-01-20 11:46:02.522 +08 [14124] FATAL:  database 37728 does not exist
2026-01-20 11:46:53.989 +08 [19868] FATAL:  database 41532 does not exist
2026-01-20 11:47:02.537 +08 [36504] FATAL:  database 37728 does not exist
2026-01-20 11:47:54.003 +08 [24484] FATAL:  database 41532 does not exist
2026-01-20 11:48:02.553 +08 [26628] FATAL:  database 37728 does not exist
2026-01-20 11:48:54.021 +08 [31316] FATAL:  database 41532 does not exist
2026-01-20 11:49:02.531 +08 [14124] FATAL:  database 37728 does not exist
2026-01-20 11:49:54.026 +08 [37496] FATAL:  database 41532 does not exist
2026-01-20 11:50:02.676 +08 [10440] FATAL:  database 37728 does not exist
2026-01-20 11:50:54.028 +08 [35440] FATAL:  database 41532 does not exist
2026-01-20 11:51:02.569 +08 [24448] FATAL:  database 37728 does not exist
2026-01-20 11:51:54.040 +08 [13596] FATAL:  database 41532 does not exist
2026-01-20 11:52:02.578 +08 [24956] FATAL:  database 37728 does not exist
2026-01-20 11:52:54.050 +08 [28668] FATAL:  database 41532 does not exist
2026-01-20 11:53:02.699 +08 [18292] FATAL:  database 37728 does not exist
2026-01-20 11:53:54.037 +08 [21852] FATAL:  database 41532 does not exist
2026-01-20 11:54:02.569 +08 [14284] FATAL:  database 37728 does not exist
2026-01-20 11:54:54.068 +08 [3692] FATAL:  database 41532 does not exist
2026-01-20 11:55:02.589 +08 [34876] FATAL:  database 37728 does not exist
2026-01-20 11:55:54.051 +08 [27228] FATAL:  database 41532 does not exist
2026-01-20 11:56:02.593 +08 [8300] FATAL:  database 37728 does not exist
2026-01-20 11:56:54.093 +08 [34664] FATAL:  database 41532 does not exist
2026-01-20 11:57:02.604 +08 [31756] FATAL:  database 37728 does not exist
2026-01-20 11:57:54.077 +08 [34852] FATAL:  database 41532 does not exist
2026-01-20 11:58:02.625 +08 [38408] FATAL:  database 37728 does not exist
2026-01-20 11:58:54.179 +08 [14264] FATAL:  database 41532 does not exist
2026-01-20 11:59:02.628 +08 [26168] FATAL:  database 37728 does not exist
2026-01-20 11:59:54.208 +08 [32052] FATAL:  database 41532 does not exist
2026-01-20 12:00:02.632 +08 [33000] FATAL:  database 37728 does not exist
2026-01-20 12:00:54.217 +08 [35792] FATAL:  database 41532 does not exist
2026-01-20 12:01:02.628 +08 [13960] FATAL:  database 37728 does not exist
2026-01-20 12:01:54.214 +08 [2760] FATAL:  database 41532 does not exist
2026-01-20 12:02:02.638 +08 [39896] FATAL:  database 37728 does not exist
2026-01-20 12:02:54.218 +08 [39632] FATAL:  database 41532 does not exist
2026-01-20 12:03:02.637 +08 [35544] FATAL:  database 37728 does not exist
2026-01-20 12:03:54.243 +08 [21248] FATAL:  database 41532 does not exist
2026-01-20 12:04:02.867 +08 [20924] FATAL:  database 37728 does not exist
2026-01-20 12:04:54.249 +08 [30536] FATAL:  database 41532 does not exist
2026-01-20 12:05:02.748 +08 [38448] FATAL:  database 37728 does not exist
2026-01-20 12:05:54.251 +08 [27536] FATAL:  database 41532 does not exist
2026-01-20 12:06:02.765 +08 [24476] FATAL:  database 37728 does not exist
2026-01-20 12:06:54.271 +08 [34652] FATAL:  database 41532 does not exist
2026-01-20 12:07:02.779 +08 [3012] FATAL:  database 37728 does not exist
2026-01-20 12:07:54.352 +08 [35176] FATAL:  database 41532 does not exist
2026-01-20 12:08:02.887 +08 [28844] FATAL:  database 37728 does not exist
2026-01-20 12:08:54.365 +08 [38332] FATAL:  database 41532 does not exist
2026-01-20 12:09:02.876 +08 [23228] FATAL:  database 37728 does not exist
2026-01-20 12:09:54.488 +08 [7144] FATAL:  database 41532 does not exist
2026-01-20 12:10:02.891 +08 [25724] FATAL:  database 37728 does not exist
2026-01-20 12:10:54.379 +08 [8784] FATAL:  database 41532 does not exist
2026-01-20 12:11:02.882 +08 [35664] FATAL:  database 37728 does not exist
2026-01-20 12:11:54.384 +08 [14596] FATAL:  database 41532 does not exist
2026-01-20 12:12:02.882 +08 [38644] FATAL:  database 37728 does not exist
2026-01-20 12:12:54.520 +08 [31904] FATAL:  database 41532 does not exist
2026-01-20 12:13:02.926 +08 [6136] FATAL:  database 37728 does not exist
2026-01-20 12:13:54.521 +08 [20980] FATAL:  database 41532 does not exist
2026-01-20 12:14:02.932 +08 [6988] FATAL:  database 37728 does not exist
2026-01-20 12:14:54.418 +08 [35464] FATAL:  database 41532 does not exist
2026-01-20 12:15:02.935 +08 [444] FATAL:  database 37728 does not exist
2026-01-20 12:15:54.431 +08 [7736] FATAL:  database 41532 does not exist
2026-01-20 12:16:02.946 +08 [18352] FATAL:  database 37728 does not exist
2026-01-20 12:16:54.420 +08 [23256] FATAL:  database 41532 does not exist
2026-01-20 12:17:02.925 +08 [21644] FATAL:  database 37728 does not exist
2026-01-20 12:17:54.445 +08 [39836] FATAL:  database 41532 does not exist
2026-01-20 12:18:02.967 +08 [35052] FATAL:  database 37728 does not exist
2026-01-20 12:18:54.449 +08 [23600] FATAL:  database 41532 does not exist
2026-01-20 12:19:02.955 +08 [34328] FATAL:  database 37728 does not exist
2026-01-20 12:19:54.465 +08 [19168] FATAL:  database 41532 does not exist
2026-01-20 12:20:02.966 +08 [10628] FATAL:  database 37728 does not exist
2026-01-20 12:20:54.463 +08 [40180] FATAL:  database 41532 does not exist
2026-01-20 12:21:02.990 +08 [38096] FATAL:  database 37728 does not exist
2026-01-20 12:21:54.479 +08 [27932] FATAL:  database 41532 does not exist
2026-01-20 12:22:02.993 +08 [31804] FATAL:  database 37728 does not exist
2026-01-20 12:22:54.492 +08 [33728] FATAL:  database 41532 does not exist
2026-01-20 12:23:02.990 +08 [36136] FATAL:  database 37728 does not exist
2026-01-20 12:23:54.487 +08 [17732] FATAL:  database 41532 does not exist
2026-01-20 12:24:02.984 +08 [11656] FATAL:  database 37728 does not exist
2026-01-20 12:24:54.515 +08 [12168] FATAL:  database 41532 does not exist
2026-01-20 12:25:02.998 +08 [39508] FATAL:  database 37728 does not exist
2026-01-20 12:25:54.504 +08 [24192] FATAL:  database 41532 does not exist
2026-01-20 12:26:03.013 +08 [5332] FATAL:  database 37728 does not exist
2026-01-20 12:26:54.507 +08 [22192] FATAL:  database 41532 does not exist
2026-01-20 12:27:03.007 +08 [28496] FATAL:  database 37728 does not exist
2026-01-20 12:27:54.496 +08 [33408] FATAL:  database 41532 does not exist
2026-01-20 12:28:03.020 +08 [29824] FATAL:  database 37728 does not exist
2026-01-20 12:28:54.490 +08 [37836] FATAL:  database 41532 does not exist
2026-01-20 12:29:03.023 +08 [13364] FATAL:  database 37728 does not exist
2026-01-20 12:29:54.531 +08 [34392] FATAL:  database 41532 does not exist
2026-01-20 12:30:03.042 +08 [5564] FATAL:  database 37728 does not exist
2026-01-20 12:30:54.531 +08 [33404] FATAL:  database 41532 does not exist
2026-01-20 12:31:03.053 +08 [24348] FATAL:  database 37728 does not exist
2026-01-20 12:31:54.542 +08 [5196] FATAL:  database 41532 does not exist
2026-01-20 12:32:03.071 +08 [15820] FATAL:  database 37728 does not exist
2026-01-20 12:32:54.556 +08 [19936] FATAL:  database 41532 does not exist
2026-01-20 12:33:03.063 +08 [36672] FATAL:  database 37728 does not exist
2026-01-20 12:33:54.572 +08 [31192] FATAL:  database 41532 does not exist
2026-01-20 12:34:03.050 +08 [38332] FATAL:  database 37728 does not exist
2026-01-20 12:34:54.572 +08 [21632] FATAL:  database 41532 does not exist
2026-01-20 12:35:03.080 +08 [39680] FATAL:  database 37728 does not exist
2026-01-20 12:35:54.576 +08 [12316] FATAL:  database 41532 does not exist
2026-01-20 12:36:03.058 +08 [40144] FATAL:  database 37728 does not exist
2026-01-20 12:36:54.595 +08 [33312] FATAL:  database 41532 does not exist
2026-01-20 12:37:03.090 +08 [11936] FATAL:  database 37728 does not exist
2026-01-20 12:37:54.601 +08 [12568] FATAL:  database 41532 does not exist
2026-01-20 12:38:03.079 +08 [18936] FATAL:  database 37728 does not exist
2026-01-20 12:38:54.706 +08 [34320] FATAL:  database 41532 does not exist
2026-01-20 12:39:03.108 +08 [13948] FATAL:  database 37728 does not exist
2026-01-20 12:39:54.814 +08 [18280] FATAL:  database 41532 does not exist
2026-01-20 12:40:03.112 +08 [5912] FATAL:  database 37728 does not exist
2026-01-20 12:40:54.833 +08 [28108] FATAL:  database 41532 does not exist
2026-01-20 12:41:03.121 +08 [23900] FATAL:  database 37728 does not exist
2026-01-20 12:41:54.827 +08 [31344] FATAL:  database 41532 does not exist
2026-01-20 12:42:03.113 +08 [32480] FATAL:  database 37728 does not exist
2026-01-20 12:42:54.832 +08 [22344] FATAL:  database 41532 does not exist
2026-01-20 12:43:03.143 +08 [39932] FATAL:  database 37728 does not exist
2026-01-20 12:43:54.839 +08 [35280] FATAL:  database 41532 does not exist
2026-01-20 12:44:03.156 +08 [11792] FATAL:  database 37728 does not exist
2026-01-20 12:44:54.845 +08 [2704] FATAL:  database 41532 does not exist
2026-01-20 12:45:03.167 +08 [29932] FATAL:  database 37728 does not exist
2026-01-20 12:45:54.846 +08 [31096] FATAL:  database 41532 does not exist
2026-01-20 12:46:03.176 +08 [36164] FATAL:  database 37728 does not exist
2026-01-20 12:46:54.859 +08 [23572] FATAL:  database 41532 does not exist
2026-01-20 12:47:03.179 +08 [19728] FATAL:  database 37728 does not exist
2026-01-20 12:47:54.973 +08 [26872] FATAL:  database 41532 does not exist
2026-01-20 12:48:03.180 +08 [19148] FATAL:  database 37728 does not exist
2026-01-20 12:48:54.984 +08 [28368] FATAL:  database 41532 does not exist
2026-01-20 12:49:03.196 +08 [16812] FATAL:  database 37728 does not exist
2026-01-20 12:49:54.988 +08 [40128] FATAL:  database 41532 does not exist
2026-01-20 12:50:03.174 +08 [17228] FATAL:  database 37728 does not exist
2026-01-20 12:50:54.991 +08 [2900] FATAL:  database 41532 does not exist
2026-01-20 12:51:03.282 +08 [34500] FATAL:  database 37728 does not exist
2026-01-20 12:51:54.984 +08 [30788] FATAL:  database 41532 does not exist
2026-01-20 12:52:03.275 +08 [3704] FATAL:  database 37728 does not exist
2026-01-20 12:52:55.001 +08 [31224] FATAL:  database 41532 does not exist
2026-01-20 12:53:03.308 +08 [32692] FATAL:  database 37728 does not exist
2026-01-20 12:53:55.111 +08 [37164] FATAL:  database 41532 does not exist
2026-01-20 12:54:03.304 +08 [1984] FATAL:  database 37728 does not exist
2026-01-20 12:54:55.028 +08 [36528] FATAL:  database 41532 does not exist
2026-01-20 12:55:03.306 +08 [25560] FATAL:  database 37728 does not exist
2026-01-20 12:55:55.014 +08 [36372] FATAL:  database 41532 does not exist
2026-01-20 12:56:03.358 +08 [32236] FATAL:  database 37728 does not exist
2026-01-20 12:56:55.016 +08 [35552] FATAL:  database 41532 does not exist
2026-01-20 12:57:03.338 +08 [38512] FATAL:  database 37728 does not exist
2026-01-20 12:57:55.028 +08 [10628] FATAL:  database 41532 does not exist
2026-01-20 12:58:03.480 +08 [20584] FATAL:  database 37728 does not exist
2026-01-20 12:58:55.016 +08 [13328] FATAL:  database 41532 does not exist
2026-01-20 12:59:03.370 +08 [12464] FATAL:  database 37728 does not exist
2026-01-20 12:59:55.033 +08 [13920] FATAL:  database 41532 does not exist
2026-01-20 13:00:03.366 +08 [40164] FATAL:  database 37728 does not exist
2026-01-20 13:00:55.045 +08 [39652] FATAL:  database 41532 does not exist
2026-01-20 13:01:03.367 +08 [28720] FATAL:  database 37728 does not exist
2026-01-20 13:01:55.036 +08 [18932] FATAL:  database 41532 does not exist
2026-01-20 13:02:03.385 +08 [5436] FATAL:  database 37728 does not exist
2026-01-20 13:02:55.070 +08 [27660] FATAL:  database 41532 does not exist
2026-01-20 13:03:03.390 +08 [36372] FATAL:  database 37728 does not exist
2026-01-20 13:03:55.052 +08 [25716] FATAL:  database 41532 does not exist
2026-01-20 13:04:03.378 +08 [12804] FATAL:  database 37728 does not exist
2026-01-20 13:04:55.065 +08 [37840] FATAL:  database 41532 does not exist
2026-01-20 13:05:03.373 +08 [23564] FATAL:  database 37728 does not exist
2026-01-20 13:05:55.079 +08 [12548] FATAL:  database 41532 does not exist
2026-01-20 13:06:03.408 +08 [35464] FATAL:  database 37728 does not exist
2026-01-20 13:06:55.099 +08 [31492] FATAL:  database 41532 does not exist
2026-01-20 13:07:03.445 +08 [24964] FATAL:  database 37728 does not exist
2026-01-20 13:07:55.073 +08 [26868] FATAL:  database 41532 does not exist
2026-01-20 13:08:03.432 +08 [34652] FATAL:  database 37728 does not exist
2026-01-20 13:08:55.105 +08 [35044] FATAL:  database 41532 does not exist
2026-01-20 13:09:03.438 +08 [3860] FATAL:  database 37728 does not exist
2026-01-20 13:09:55.100 +08 [3356] FATAL:  database 41532 does not exist
2026-01-20 13:10:03.432 +08 [34228] FATAL:  database 37728 does not exist
2026-01-20 13:10:55.112 +08 [20920] FATAL:  database 41532 does not exist
2026-01-20 13:11:03.441 +08 [25328] FATAL:  database 37728 does not exist
2026-01-20 13:11:55.222 +08 [27848] FATAL:  database 41532 does not exist
2026-01-20 13:12:03.474 +08 [23136] FATAL:  database 37728 does not exist
2026-01-20 13:12:55.114 +08 [20796] FATAL:  database 41532 does not exist
2026-01-20 13:13:03.512 +08 [19312] FATAL:  database 37728 does not exist
2026-01-20 13:13:55.127 +08 [19816] FATAL:  database 41532 does not exist
2026-01-20 13:14:03.493 +08 [20912] FATAL:  database 37728 does not exist
2026-01-20 13:14:55.140 +08 [39256] FATAL:  database 41532 does not exist
2026-01-20 13:15:03.612 +08 [12112] FATAL:  database 37728 does not exist
2026-01-20 13:15:55.154 +08 [34272] FATAL:  database 41532 does not exist
2026-01-20 13:16:03.611 +08 [28612] FATAL:  database 37728 does not exist
2026-01-20 13:16:55.167 +08 [6624] FATAL:  database 41532 does not exist
2026-01-20 13:17:03.627 +08 [31988] FATAL:  database 37728 does not exist
2026-01-20 13:17:55.161 +08 [34976] FATAL:  database 41532 does not exist
2026-01-20 13:18:03.637 +08 [13828] FATAL:  database 37728 does not exist
2026-01-20 13:18:55.174 +08 [35792] FATAL:  database 41532 does not exist
2026-01-20 13:19:03.609 +08 [40096] FATAL:  database 37728 does not exist
2026-01-20 13:19:55.170 +08 [39932] FATAL:  database 41532 does not exist
2026-01-20 13:20:03.647 +08 [16664] FATAL:  database 37728 does not exist
2026-01-20 13:20:55.192 +08 [36212] FATAL:  database 41532 does not exist
2026-01-20 13:21:03.645 +08 [37588] FATAL:  database 37728 does not exist
2026-01-20 13:21:55.204 +08 [30732] FATAL:  database 41532 does not exist
2026-01-20 13:22:03.658 +08 [39788] FATAL:  database 37728 does not exist
2026-01-20 13:22:55.201 +08 [36660] FATAL:  database 41532 does not exist
2026-01-20 13:23:03.658 +08 [26844] FATAL:  database 37728 does not exist
2026-01-20 13:23:55.214 +08 [4852] FATAL:  database 41532 does not exist
2026-01-20 13:24:03.671 +08 [36320] FATAL:  database 37728 does not exist
2026-01-20 13:24:55.200 +08 [40956] FATAL:  database 41532 does not exist
2026-01-20 13:25:03.652 +08 [27044] FATAL:  database 37728 does not exist
2026-01-20 13:25:55.243 +08 [2536] FATAL:  database 41532 does not exist
2026-01-20 13:26:03.693 +08 [22820] FATAL:  database 37728 does not exist
2026-01-20 13:26:55.245 +08 [32812] FATAL:  database 41532 does not exist
2026-01-20 13:27:03.679 +08 [15812] FATAL:  database 37728 does not exist
2026-01-20 13:27:55.252 +08 [24424] FATAL:  database 41532 does not exist
2026-01-20 13:28:03.711 +08 [27448] FATAL:  database 37728 does not exist
2026-01-20 13:28:55.267 +08 [30788] FATAL:  database 41532 does not exist
2026-01-20 13:29:03.751 +08 [2496] FATAL:  database 37728 does not exist
2026-01-20 13:30:03.757 +08 [34944] FATAL:  database 41532 does not exist
2026-01-20 13:30:12.321 +08 [31956] FATAL:  database 37728 does not exist
2026-01-20 13:31:03.778 +08 [13812] FATAL:  database 41532 does not exist
2026-01-20 13:31:12.354 +08 [32024] FATAL:  database 37728 does not exist
2026-01-20 13:32:03.787 +08 [4756] FATAL:  database 41532 does not exist
2026-01-20 13:32:12.359 +08 [39844] FATAL:  database 37728 does not exist
2026-01-20 13:33:03.794 +08 [23072] FATAL:  database 41532 does not exist
2026-01-20 13:33:12.361 +08 [20816] FATAL:  database 37728 does not exist
2026-01-20 13:34:03.786 +08 [1836] FATAL:  database 41532 does not exist
2026-01-20 13:34:12.351 +08 [22456] FATAL:  database 37728 does not exist
2026-01-20 13:35:03.828 +08 [17184] FATAL:  database 41532 does not exist
2026-01-20 13:35:12.392 +08 [12404] FATAL:  database 37728 does not exist
2026-01-20 13:36:03.818 +08 [33488] FATAL:  database 41532 does not exist
2026-01-20 13:36:12.392 +08 [21520] FATAL:  database 37728 does not exist
2026-01-20 13:37:03.937 +08 [18304] FATAL:  database 41532 does not exist
2026-01-20 13:37:12.379 +08 [30832] FATAL:  database 37728 does not exist
2026-01-20 13:38:03.927 +08 [11248] FATAL:  database 41532 does not exist
2026-01-20 13:38:12.496 +08 [38160] FATAL:  database 37728 does not exist
2026-01-20 13:39:03.938 +08 [35128] FATAL:  database 41532 does not exist
2026-01-20 13:39:12.502 +08 [40188] FATAL:  database 37728 does not exist
2026-01-20 13:40:04.047 +08 [35976] FATAL:  database 41532 does not exist
2026-01-20 13:40:12.499 +08 [38300] FATAL:  database 37728 does not exist
2026-01-20 13:41:04.058 +08 [13116] FATAL:  database 41532 does not exist
2026-01-20 13:41:12.518 +08 [34088] FATAL:  database 37728 does not exist
2026-01-20 13:42:04.053 +08 [13932] FATAL:  database 41532 does not exist
2026-01-20 13:42:12.515 +08 [26452] FATAL:  database 37728 does not exist
2026-01-20 13:43:04.049 +08 [25288] FATAL:  database 41532 does not exist
2026-01-20 13:43:12.520 +08 [19768] FATAL:  database 37728 does not exist
2026-01-20 13:44:04.086 +08 [6664] FATAL:  database 41532 does not exist
2026-01-20 13:44:12.508 +08 [21144] FATAL:  database 37728 does not exist
2026-01-20 13:45:04.075 +08 [34128] FATAL:  database 41532 does not exist
2026-01-20 13:45:12.506 +08 [38724] FATAL:  database 37728 does not exist
2026-01-20 13:46:04.084 +08 [19076] FATAL:  database 41532 does not exist
2026-01-20 13:46:12.515 +08 [30316] FATAL:  database 37728 does not exist
2026-01-20 13:47:04.079 +08 [20708] FATAL:  database 41532 does not exist
2026-01-20 13:47:12.539 +08 [33948] FATAL:  database 37728 does not exist
2026-01-20 13:48:04.096 +08 [22404] FATAL:  database 41532 does not exist
2026-01-20 13:48:12.553 +08 [36256] FATAL:  database 37728 does not exist
2026-01-20 13:49:04.115 +08 [35932] FATAL:  database 41532 does not exist
2026-01-20 13:49:12.553 +08 [13520] FATAL:  database 37728 does not exist
2026-01-20 13:50:04.086 +08 [17996] FATAL:  database 41532 does not exist
2026-01-20 13:50:12.541 +08 [23868] FATAL:  database 37728 does not exist
2026-01-20 13:51:04.113 +08 [35664] FATAL:  database 41532 does not exist
2026-01-20 13:51:12.550 +08 [27252] FATAL:  database 37728 does not exist
2026-01-20 13:52:04.103 +08 [2628] FATAL:  database 41532 does not exist
2026-01-20 13:52:12.564 +08 [1780] FATAL:  database 37728 does not exist
2026-01-20 13:53:04.113 +08 [24812] FATAL:  database 41532 does not exist
2026-01-20 13:53:12.557 +08 [14360] FATAL:  database 37728 does not exist
2026-01-20 13:54:04.118 +08 [2416] FATAL:  database 41532 does not exist
2026-01-20 13:54:12.575 +08 [14892] FATAL:  database 37728 does not exist
2026-01-20 13:55:04.123 +08 [24964] FATAL:  database 41532 does not exist
2026-01-20 13:55:12.590 +08 [20080] FATAL:  database 37728 does not exist
2026-01-20 13:56:04.220 +08 [14632] FATAL:  database 41532 does not exist
2026-01-20 13:56:12.590 +08 [22744] FATAL:  database 37728 does not exist
2026-01-20 13:57:04.140 +08 [22384] FATAL:  database 41532 does not exist
2026-01-20 13:57:12.623 +08 [27252] FATAL:  database 37728 does not exist
2026-01-20 13:58:04.136 +08 [20980] FATAL:  database 41532 does not exist
2026-01-20 13:58:12.631 +08 [29256] FATAL:  database 37728 does not exist
2026-01-20 13:59:04.151 +08 [30784] FATAL:  database 41532 does not exist
2026-01-20 13:59:12.631 +08 [39424] FATAL:  database 37728 does not exist
2026-01-20 14:00:04.149 +08 [34744] FATAL:  database 41532 does not exist
2026-01-20 14:00:12.756 +08 [34564] FATAL:  database 37728 does not exist
2026-01-20 14:01:04.171 +08 [18932] FATAL:  database 41532 does not exist
2026-01-20 14:01:12.771 +08 [17716] FATAL:  database 37728 does not exist
2026-01-20 14:02:04.190 +08 [6988] FATAL:  database 41532 does not exist
2026-01-20 14:02:12.756 +08 [28756] FATAL:  database 37728 does not exist
2026-01-20 14:03:04.198 +08 [10100] FATAL:  database 41532 does not exist
2026-01-20 14:03:12.760 +08 [18716] FATAL:  database 37728 does not exist
2026-01-20 14:04:04.176 +08 [24896] FATAL:  database 41532 does not exist
2026-01-20 14:04:12.768 +08 [37916] FATAL:  database 37728 does not exist
2026-01-20 14:05:04.196 +08 [5752] FATAL:  database 41532 does not exist
2026-01-20 14:05:12.793 +08 [39996] FATAL:  database 37728 does not exist
2026-01-20 14:06:04.198 +08 [24996] FATAL:  database 41532 does not exist
2026-01-20 14:06:12.787 +08 [7144] FATAL:  database 37728 does not exist
2026-01-20 14:07:04.197 +08 [21404] FATAL:  database 41532 does not exist
2026-01-20 14:07:12.777 +08 [20756] FATAL:  database 37728 does not exist
2026-01-20 14:08:04.349 +08 [27724] FATAL:  database 41532 does not exist
2026-01-20 14:08:12.819 +08 [39944] FATAL:  database 37728 does not exist
2026-01-20 14:09:04.235 +08 [34012] FATAL:  database 41532 does not exist
2026-01-20 14:09:12.822 +08 [20944] FATAL:  database 37728 does not exist
2026-01-20 14:10:04.232 +08 [276] FATAL:  database 41532 does not exist
2026-01-20 14:10:12.837 +08 [38264] FATAL:  database 37728 does not exist
2026-01-20 14:11:04.228 +08 [276] FATAL:  database 41532 does not exist
2026-01-20 14:11:12.848 +08 [6348] FATAL:  database 37728 does not exist
2026-01-20 14:12:04.385 +08 [26448] FATAL:  database 41532 does not exist
2026-01-20 14:12:12.851 +08 [7212] FATAL:  database 37728 does not exist
2026-01-20 14:13:04.270 +08 [26512] FATAL:  database 41532 does not exist
2026-01-20 14:13:12.867 +08 [39468] FATAL:  database 37728 does not exist
2026-01-20 14:14:04.250 +08 [37224] FATAL:  database 41532 does not exist
2026-01-20 14:14:12.867 +08 [6692] FATAL:  database 37728 does not exist
2026-01-20 14:15:04.292 +08 [3292] FATAL:  database 41532 does not exist
2026-01-20 14:15:12.874 +08 [2220] FATAL:  database 37728 does not exist
2026-01-20 14:16:04.510 +08 [27544] FATAL:  database 41532 does not exist
2026-01-20 14:16:12.886 +08 [37424] FATAL:  database 37728 does not exist
2026-01-20 14:17:04.409 +08 [34232] FATAL:  database 41532 does not exist
2026-01-20 14:17:12.995 +08 [23752] FATAL:  database 37728 does not exist
2026-01-20 14:18:04.403 +08 [29124] FATAL:  database 41532 does not exist
2026-01-20 14:18:12.987 +08 [14576] FATAL:  database 37728 does not exist
2026-01-20 14:19:04.401 +08 [16292] FATAL:  database 41532 does not exist
2026-01-20 14:19:13.007 +08 [29368] FATAL:  database 37728 does not exist
2026-01-20 14:20:04.397 +08 [31512] FATAL:  database 41532 does not exist
2026-01-20 14:20:13.007 +08 [16388] FATAL:  database 37728 does not exist
2026-01-20 14:21:04.432 +08 [14312] FATAL:  database 41532 does not exist
2026-01-20 14:21:13.012 +08 [28216] FATAL:  database 37728 does not exist
2026-01-20 14:22:04.445 +08 [5384] FATAL:  database 41532 does not exist
2026-01-20 14:22:13.004 +08 [23412] FATAL:  database 37728 does not exist
2026-01-20 14:23:04.452 +08 [39668] FATAL:  database 41532 does not exist
2026-01-20 14:23:13.003 +08 [31644] FATAL:  database 37728 does not exist
2026-01-20 14:24:04.431 +08 [33004] FATAL:  database 41532 does not exist
2026-01-20 14:24:13.038 +08 [34712] FATAL:  database 37728 does not exist
2026-01-20 14:25:04.444 +08 [39996] FATAL:  database 41532 does not exist
2026-01-20 14:25:13.025 +08 [37988] FATAL:  database 37728 does not exist
2026-01-20 14:26:04.575 +08 [31152] FATAL:  database 41532 does not exist
2026-01-20 14:26:13.052 +08 [13036] FATAL:  database 37728 does not exist
2026-01-20 14:27:04.586 +08 [25808] FATAL:  database 41532 does not exist
2026-01-20 14:27:13.048 +08 [26844] FATAL:  database 37728 does not exist
2026-01-20 14:28:04.568 +08 [8140] FATAL:  database 41532 does not exist
2026-01-20 14:28:13.129 +08 [12724] FATAL:  database 37728 does not exist
2026-01-20 14:29:04.602 +08 [35668] FATAL:  database 41532 does not exist
2026-01-20 14:29:13.144 +08 [27656] FATAL:  database 37728 does not exist
2026-01-20 14:30:04.592 +08 [15612] FATAL:  database 41532 does not exist
2026-01-20 14:30:13.171 +08 [33272] FATAL:  database 37728 does not exist
2026-01-20 14:31:04.720 +08 [37196] FATAL:  database 41532 does not exist
2026-01-20 14:31:13.156 +08 [39852] FATAL:  database 37728 does not exist
2026-01-20 14:32:04.718 +08 [14800] FATAL:  database 41532 does not exist
2026-01-20 14:32:13.209 +08 [7000] FATAL:  database 37728 does not exist
2026-01-20 14:33:04.816 +08 [36844] FATAL:  database 41532 does not exist
2026-01-20 14:33:13.206 +08 [35724] FATAL:  database 37728 does not exist
2026-01-20 14:34:04.839 +08 [12908] FATAL:  database 41532 does not exist
2026-01-20 14:34:13.222 +08 [23676] FATAL:  database 37728 does not exist
2026-01-20 14:35:04.831 +08 [37716] FATAL:  database 41532 does not exist
2026-01-20 14:35:13.217 +08 [24468] FATAL:  database 37728 does not exist
2026-01-20 14:36:04.824 +08 [21076] FATAL:  database 41532 does not exist
2026-01-20 14:36:13.250 +08 [20140] FATAL:  database 37728 does not exist
2026-01-20 14:37:04.843 +08 [16492] FATAL:  database 41532 does not exist
2026-01-20 14:37:13.350 +08 [25596] FATAL:  database 37728 does not exist
2026-01-20 14:38:04.849 +08 [21872] FATAL:  database 41532 does not exist
2026-01-20 14:38:13.462 +08 [31328] FATAL:  database 37728 does not exist
2026-01-20 14:39:04.860 +08 [33672] FATAL:  database 41532 does not exist
2026-01-20 14:39:13.502 +08 [31704] FATAL:  database 37728 does not exist
2026-01-20 14:40:04.855 +08 [35184] FATAL:  database 41532 does not exist
2026-01-20 14:40:13.476 +08 [528] FATAL:  database 37728 does not exist
2026-01-20 14:41:04.874 +08 [25840] FATAL:  database 41532 does not exist
2026-01-20 14:41:13.480 +08 [22228] FATAL:  database 37728 does not exist
2026-01-20 14:42:04.880 +08 [33268] FATAL:  database 41532 does not exist
2026-01-20 14:42:13.491 +08 [4696] FATAL:  database 37728 does not exist
2026-01-20 14:43:04.881 +08 [13932] FATAL:  database 41532 does not exist
2026-01-20 14:43:13.491 +08 [27560] FATAL:  database 37728 does not exist
2026-01-20 14:44:04.884 +08 [40336] FATAL:  database 41532 does not exist
2026-01-20 14:44:13.599 +08 [19744] FATAL:  database 37728 does not exist
2026-01-20 14:45:04.877 +08 [24756] FATAL:  database 41532 does not exist
2026-01-20 14:45:13.645 +08 [13840] FATAL:  database 37728 does not exist
2026-01-20 14:46:04.884 +08 [4516] FATAL:  database 41532 does not exist
2026-01-20 14:46:13.628 +08 [37396] FATAL:  database 37728 does not exist
2026-01-20 14:47:04.896 +08 [33960] FATAL:  database 41532 does not exist
2026-01-20 14:47:13.644 +08 [34544] FATAL:  database 37728 does not exist
2026-01-20 14:48:04.901 +08 [2956] FATAL:  database 41532 does not exist
2026-01-20 14:48:13.648 +08 [18988] FATAL:  database 37728 does not exist
2026-01-20 14:49:04.905 +08 [39476] FATAL:  database 41532 does not exist
2026-01-20 14:49:13.658 +08 [27896] FATAL:  database 37728 does not exist
2026-01-20 14:50:04.915 +08 [19972] FATAL:  database 41532 does not exist
2026-01-20 14:50:13.658 +08 [33860] FATAL:  database 37728 does not exist
2026-01-20 14:51:04.914 +08 [29280] FATAL:  database 41532 does not exist
2026-01-20 14:51:13.665 +08 [6692] FATAL:  database 37728 does not exist
2026-01-20 14:52:04.911 +08 [36012] FATAL:  database 41532 does not exist
2026-01-20 14:52:13.772 +08 [14052] FATAL:  database 37728 does not exist
2026-01-20 14:53:04.920 +08 [2816] FATAL:  database 41532 does not exist
2026-01-20 14:53:13.668 +08 [38984] FATAL:  database 37728 does not exist
2026-01-20 14:54:04.921 +08 [25596] FATAL:  database 41532 does not exist
2026-01-20 14:54:13.665 +08 [37924] FATAL:  database 37728 does not exist
2026-01-20 14:55:04.941 +08 [35608] FATAL:  database 41532 does not exist
2026-01-20 14:55:13.791 +08 [20140] FATAL:  database 37728 does not exist
2026-01-20 14:56:04.945 +08 [35592] FATAL:  database 41532 does not exist
2026-01-20 14:56:13.812 +08 [22168] FATAL:  database 37728 does not exist
2026-01-20 14:57:04.964 +08 [39036] FATAL:  database 41532 does not exist
2026-01-20 14:57:13.810 +08 [14628] FATAL:  database 37728 does not exist
2026-01-20 14:58:04.976 +08 [37804] FATAL:  database 41532 does not exist
2026-01-20 14:58:13.830 +08 [34272] FATAL:  database 37728 does not exist
2026-01-20 14:59:04.983 +08 [14304] FATAL:  database 41532 does not exist
2026-01-20 14:59:13.843 +08 [4676] FATAL:  database 37728 does not exist
2026-01-20 15:00:04.992 +08 [39396] FATAL:  database 41532 does not exist
2026-01-20 15:00:13.833 +08 [29536] FATAL:  database 37728 does not exist
2026-01-20 15:01:05.006 +08 [26820] FATAL:  database 41532 does not exist
2026-01-20 15:01:13.844 +08 [11116] FATAL:  database 37728 does not exist
2026-01-20 15:02:05.005 +08 [29568] FATAL:  database 41532 does not exist
2026-01-20 15:02:13.849 +08 [32780] FATAL:  database 37728 does not exist
2026-01-20 15:03:05.117 +08 [35444] FATAL:  database 41532 does not exist
2026-01-20 15:03:13.969 +08 [24468] FATAL:  database 37728 does not exist
2026-01-20 15:04:05.126 +08 [6136] FATAL:  database 41532 does not exist
2026-01-20 15:04:13.976 +08 [3356] FATAL:  database 37728 does not exist
2026-01-20 15:05:05.135 +08 [40364] FATAL:  database 41532 does not exist
2026-01-20 15:05:14.091 +08 [35112] FATAL:  database 37728 does not exist
2026-01-20 15:06:05.143 +08 [29400] FATAL:  database 41532 does not exist
2026-01-20 15:06:14.084 +08 [38656] FATAL:  database 37728 does not exist
2026-01-20 15:07:05.161 +08 [34416] FATAL:  database 41532 does not exist
2026-01-20 15:07:14.207 +08 [26232] FATAL:  database 37728 does not exist
2026-01-20 15:08:05.264 +08 [25180] FATAL:  database 41532 does not exist
2026-01-20 15:08:14.202 +08 [30000] FATAL:  database 37728 does not exist
2026-01-20 15:09:05.279 +08 [31536] FATAL:  database 41532 does not exist
2026-01-20 15:09:14.299 +08 [37160] FATAL:  database 37728 does not exist
2026-01-20 15:10:05.286 +08 [27468] FATAL:  database 41532 does not exist
2026-01-20 15:10:14.327 +08 [13576] FATAL:  database 37728 does not exist
2026-01-20 15:11:05.281 +08 [22232] FATAL:  database 41532 does not exist
2026-01-20 15:11:14.350 +08 [29432] FATAL:  database 37728 does not exist
2026-01-20 15:12:05.293 +08 [29280] FATAL:  database 41532 does not exist
2026-01-20 15:12:14.327 +08 [35752] FATAL:  database 37728 does not exist
2026-01-20 15:13:05.420 +08 [23556] FATAL:  database 41532 does not exist
2026-01-20 15:13:14.340 +08 [33404] FATAL:  database 37728 does not exist
2026-01-20 15:14:05.318 +08 [21524] FATAL:  database 41532 does not exist
2026-01-20 15:14:14.362 +08 [32992] FATAL:  database 37728 does not exist
2026-01-20 15:15:05.297 +08 [8060] FATAL:  database 41532 does not exist
2026-01-20 15:15:14.346 +08 [10584] FATAL:  database 37728 does not exist
2026-01-20 15:16:05.299 +08 [34012] FATAL:  database 41532 does not exist
2026-01-20 15:16:14.367 +08 [37408] FATAL:  database 37728 does not exist
2026-01-20 15:17:05.331 +08 [41400] FATAL:  database 41532 does not exist
2026-01-20 15:17:14.360 +08 [18032] FATAL:  database 37728 does not exist
2026-01-20 15:18:05.326 +08 [12572] FATAL:  database 41532 does not exist
2026-01-20 15:18:14.369 +08 [41640] FATAL:  database 37728 does not exist
2026-01-20 15:19:05.349 +08 [39368] FATAL:  database 41532 does not exist
2026-01-20 15:19:14.396 +08 [29048] FATAL:  database 37728 does not exist
2026-01-20 15:20:05.479 +08 [15828] FATAL:  database 41532 does not exist
2026-01-20 15:20:14.375 +08 [35792] FATAL:  database 37728 does not exist
2026-01-20 15:21:05.355 +08 [37100] FATAL:  database 41532 does not exist
2026-01-20 15:21:14.402 +08 [27780] FATAL:  database 37728 does not exist
2026-01-20 15:22:05.381 +08 [15672] FATAL:  database 41532 does not exist
2026-01-20 15:22:14.409 +08 [26232] FATAL:  database 37728 does not exist
2026-01-20 15:23:05.393 +08 [15836] FATAL:  database 41532 does not exist
2026-01-20 15:23:14.391 +08 [27692] FATAL:  database 37728 does not exist
2026-01-20 15:24:05.377 +08 [29572] FATAL:  database 41532 does not exist
2026-01-20 15:24:14.412 +08 [12000] FATAL:  database 37728 does not exist
2026-01-20 15:25:05.408 +08 [36056] FATAL:  database 41532 does not exist
2026-01-20 15:25:14.504 +08 [41204] FATAL:  database 37728 does not exist
2026-01-20 15:26:05.395 +08 [41432] FATAL:  database 41532 does not exist
2026-01-20 15:26:14.503 +08 [26684] FATAL:  database 37728 does not exist
2026-01-20 15:27:05.411 +08 [14260] FATAL:  database 41532 does not exist
2026-01-20 15:27:14.521 +08 [40832] FATAL:  database 37728 does not exist
2026-01-20 15:28:05.404 +08 [6528] FATAL:  database 41532 does not exist
2026-01-20 15:28:14.537 +08 [24264] FATAL:  database 37728 does not exist
2026-01-20 15:29:05.424 +08 [29852] FATAL:  database 41532 does not exist
2026-01-20 15:29:14.546 +08 [11016] FATAL:  database 37728 does not exist
2026-01-20 15:30:05.434 +08 [3020] FATAL:  database 41532 does not exist
2026-01-20 15:30:14.556 +08 [30684] FATAL:  database 37728 does not exist
2026-01-20 15:31:05.443 +08 [34960] FATAL:  database 41532 does not exist
2026-01-20 15:31:14.567 +08 [38224] FATAL:  database 37728 does not exist
2026-01-20 15:32:05.424 +08 [41768] FATAL:  database 41532 does not exist
2026-01-20 15:32:14.592 +08 [32452] FATAL:  database 37728 does not exist
2026-01-20 15:33:05.448 +08 [37836] FATAL:  database 41532 does not exist
2026-01-20 15:33:14.597 +08 [18868] FATAL:  database 37728 does not exist
2026-01-20 15:34:05.443 +08 [12000] FATAL:  database 41532 does not exist
2026-01-20 15:34:14.608 +08 [8920] FATAL:  database 37728 does not exist
2026-01-20 15:35:05.456 +08 [41936] FATAL:  database 41532 does not exist
2026-01-20 15:35:14.603 +08 [41264] FATAL:  database 37728 does not exist
2026-01-20 15:36:05.476 +08 [33548] FATAL:  database 41532 does not exist
2026-01-20 15:36:14.695 +08 [41964] FATAL:  database 37728 does not exist
2026-01-20 15:37:05.479 +08 [34956] FATAL:  database 41532 does not exist
2026-01-20 15:37:14.703 +08 [14700] FATAL:  database 37728 does not exist
2026-01-20 15:38:05.492 +08 [2408] FATAL:  database 41532 does not exist
2026-01-20 15:38:14.730 +08 [29796] FATAL:  database 37728 does not exist
2026-01-20 15:39:05.615 +08 [35832] FATAL:  database 41532 does not exist
2026-01-20 15:39:14.699 +08 [39564] FATAL:  database 37728 does not exist
2026-01-20 15:40:05.602 +08 [40700] FATAL:  database 41532 does not exist
2026-01-20 15:40:14.754 +08 [30316] FATAL:  database 37728 does not exist
2026-01-20 15:41:05.625 +08 [41948] FATAL:  database 41532 does not exist
2026-01-20 15:41:14.742 +08 [16844] FATAL:  database 37728 does not exist
2026-01-20 15:42:05.640 +08 [30740] FATAL:  database 41532 does not exist
2026-01-20 15:42:14.748 +08 [29488] FATAL:  database 37728 does not exist
2026-01-20 15:43:05.649 +08 [31124] FATAL:  database 41532 does not exist
2026-01-20 15:43:14.762 +08 [31840] FATAL:  database 37728 does not exist
2026-01-20 15:44:00.191 +08 [26676] LOG:  could not receive data from client: An existing connection was forcibly closed by the remote host.
	
2026-01-20 15:44:00.191 +08 [29824] LOG:  could not receive data from client: An existing connection was forcibly closed by the remote host.
	
2026-01-20 15:44:00.192 +08 [17852] LOG:  could not receive data from client: An existing connection was forcibly closed by the remote host.
	
2026-01-20 15:44:00.193 +08 [11260] LOG:  could not receive data from client: An existing connection was forcibly closed by the remote host.
	
2026-01-20 15:44:05.664 +08 [40640] FATAL:  database 41532 does not exist
2026-01-20 15:44:14.788 +08 [19440] FATAL:  database 37728 does not exist
2026-01-20 15:45:05.642 +08 [28072] FATAL:  database 41532 does not exist
2026-01-20 15:45:14.766 +08 [21384] FATAL:  database 37728 does not exist
2026-01-20 15:46:05.655 +08 [31436] FATAL:  database 41532 does not exist
2026-01-20 15:46:14.783 +08 [20072] FATAL:  database 37728 does not exist
2026-01-20 15:47:05.682 +08 [16276] FATAL:  database 41532 does not exist
2026-01-20 15:47:14.773 +08 [19404] FATAL:  database 37728 does not exist
2026-01-20 15:48:05.791 +08 [41944] FATAL:  database 41532 does not exist
2026-01-20 15:48:14.758 +08 [31564] FATAL:  database 37728 does not exist
2026-01-20 15:49:05.797 +08 [12132] FATAL:  database 41532 does not exist
2026-01-20 15:49:14.794 +08 [25036] FATAL:  database 37728 does not exist
2026-01-20 15:50:05.808 +08 [18948] FATAL:  database 41532 does not exist
2026-01-20 15:50:14.791 +08 [40444] FATAL:  database 37728 does not exist
2026-01-20 15:51:05.812 +08 [20596] FATAL:  database 41532 does not exist
2026-01-20 15:51:14.818 +08 [14568] FATAL:  database 37728 does not exist
2026-01-20 15:52:05.805 +08 [25992] FATAL:  database 41532 does not exist
2026-01-20 15:52:14.902 +08 [24768] FATAL:  database 37728 does not exist
2026-01-20 15:53:05.784 +08 [4624] FATAL:  database 41532 does not exist
2026-01-20 15:53:14.911 +08 [36416] FATAL:  database 37728 does not exist
2026-01-20 15:54:05.824 +08 [41604] FATAL:  database 41532 does not exist
2026-01-20 15:54:14.921 +08 [41716] FATAL:  database 37728 does not exist
2026-01-20 15:55:05.837 +08 [41944] FATAL:  database 41532 does not exist
2026-01-20 15:55:14.918 +08 [29928] FATAL:  database 37728 does not exist
2026-01-20 15:56:05.838 +08 [38928] FATAL:  database 41532 does not exist
2026-01-20 15:56:14.936 +08 [2948] FATAL:  database 37728 does not exist
2026-01-20 15:57:05.847 +08 [13052] FATAL:  database 41532 does not exist
2026-01-20 15:57:14.964 +08 [32320] FATAL:  database 37728 does not exist
2026-01-20 15:58:05.831 +08 [27544] FATAL:  database 41532 does not exist
2026-01-20 15:58:14.966 +08 [21024] FATAL:  database 37728 does not exist
2026-01-20 15:59:05.828 +08 [6432] FATAL:  database 41532 does not exist
2026-01-20 15:59:14.973 +08 [23012] FATAL:  database 37728 does not exist
2026-01-20 16:00:05.951 +08 [24488] FATAL:  database 41532 does not exist
2026-01-20 16:00:14.978 +08 [34132] FATAL:  database 37728 does not exist
2026-01-20 16:01:05.965 +08 [41924] FATAL:  database 41532 does not exist
2026-01-20 16:01:14.974 +08 [39792] FATAL:  database 37728 does not exist
2026-01-20 16:02:05.976 +08 [24872] FATAL:  database 41532 does not exist
2026-01-20 16:02:14.977 +08 [22100] FATAL:  database 37728 does not exist
2026-01-20 16:03:05.984 +08 [21140] FATAL:  database 41532 does not exist
2026-01-20 16:03:14.989 +08 [24852] FATAL:  database 37728 does not exist
2026-01-20 16:04:05.958 +08 [35824] FATAL:  database 41532 does not exist
2026-01-20 16:04:14.995 +08 [32224] FATAL:  database 37728 does not exist
2026-01-20 16:05:05.967 +08 [15368] FATAL:  database 41532 does not exist
2026-01-20 16:05:15.000 +08 [25760] FATAL:  database 37728 does not exist
2026-01-20 16:06:05.992 +08 [9000] FATAL:  database 41532 does not exist
2026-01-20 16:06:15.020 +08 [5752] FATAL:  database 37728 does not exist
2026-01-20 16:07:06.014 +08 [16792] FATAL:  database 41532 does not exist
2026-01-20 16:07:15.032 +08 [24488] FATAL:  database 37728 does not exist
2026-01-20 16:08:05.996 +08 [29584] FATAL:  database 41532 does not exist
2026-01-20 16:08:15.023 +08 [8996] FATAL:  database 37728 does not exist
2026-01-20 16:09:06.144 +08 [34448] FATAL:  database 41532 does not exist
2026-01-20 16:09:15.138 +08 [35928] FATAL:  database 37728 does not exist
2026-01-20 16:10:06.034 +08 [7144] FATAL:  database 41532 does not exist
2026-01-20 16:10:15.158 +08 [36496] FATAL:  database 37728 does not exist
2026-01-20 16:11:06.026 +08 [31728] FATAL:  database 41532 does not exist
2026-01-20 16:11:15.171 +08 [34320] FATAL:  database 37728 does not exist
2026-01-20 16:12:06.037 +08 [21476] FATAL:  database 41532 does not exist
2026-01-20 16:12:15.170 +08 [25328] FATAL:  database 37728 does not exist
2026-01-20 16:13:06.148 +08 [31208] FATAL:  database 41532 does not exist
2026-01-20 16:13:15.182 +08 [13900] FATAL:  database 37728 does not exist
2026-01-20 16:14:06.135 +08 [25328] FATAL:  database 41532 does not exist
2026-01-20 16:14:15.185 +08 [16112] FATAL:  database 37728 does not exist
2026-01-20 16:15:06.164 +08 [3960] FATAL:  database 41532 does not exist
2026-01-20 16:15:15.188 +08 [34052] FATAL:  database 37728 does not exist
2026-01-20 16:16:06.158 +08 [41104] FATAL:  database 41532 does not exist
2026-01-20 16:16:15.272 +08 [39488] FATAL:  database 37728 does not exist
2026-01-20 16:17:06.161 +08 [32068] FATAL:  database 41532 does not exist
2026-01-20 16:17:15.312 +08 [22728] FATAL:  database 37728 does not exist
2026-01-20 16:18:06.164 +08 [31072] FATAL:  database 41532 does not exist
2026-01-20 16:18:15.306 +08 [34440] FATAL:  database 37728 does not exist
2026-01-20 16:19:06.285 +08 [30344] FATAL:  database 41532 does not exist
2026-01-20 16:19:15.309 +08 [41256] FATAL:  database 37728 does not exist
2026-01-20 16:20:06.291 +08 [15656] FATAL:  database 41532 does not exist
2026-01-20 16:20:15.317 +08 [40832] FATAL:  database 37728 does not exist
2026-01-20 16:21:06.302 +08 [22400] FATAL:  database 41532 does not exist
2026-01-20 16:21:15.339 +08 [32192] FATAL:  database 37728 does not exist
2026-01-20 16:22:06.277 +08 [14628] FATAL:  database 41532 does not exist
2026-01-20 16:22:15.453 +08 [23808] FATAL:  database 37728 does not exist
2026-01-20 16:23:06.279 +08 [34420] FATAL:  database 41532 does not exist
2026-01-20 16:23:15.437 +08 [25548] FATAL:  database 37728 does not exist
2026-01-20 16:24:06.290 +08 [35364] FATAL:  database 41532 does not exist
2026-01-20 16:24:15.474 +08 [35464] FATAL:  database 37728 does not exist
2026-01-20 16:25:06.324 +08 [38640] FATAL:  database 41532 does not exist
2026-01-20 16:25:15.474 +08 [39480] FATAL:  database 37728 does not exist
2026-01-20 16:26:06.326 +08 [2868] FATAL:  database 41532 does not exist
2026-01-20 16:26:15.489 +08 [15704] FATAL:  database 37728 does not exist
2026-01-20 16:27:06.319 +08 [27232] FATAL:  database 41532 does not exist
2026-01-20 16:27:15.600 +08 [20140] FATAL:  database 37728 does not exist
2026-01-20 16:28:06.335 +08 [41572] FATAL:  database 41532 does not exist
2026-01-20 16:28:15.608 +08 [9528] FATAL:  database 37728 does not exist
2026-01-20 16:29:06.353 +08 [15212] FATAL:  database 41532 does not exist
2026-01-20 16:29:15.612 +08 [24672] FATAL:  database 37728 does not exist
2026-01-20 16:30:06.367 +08 [25332] FATAL:  database 41532 does not exist
2026-01-20 16:30:15.620 +08 [38516] FATAL:  database 37728 does not exist
2026-01-20 16:31:06.358 +08 [28748] FATAL:  database 41532 does not exist
2026-01-20 16:31:15.634 +08 [23852] FATAL:  database 37728 does not exist
2026-01-20 16:32:06.464 +08 [20896] FATAL:  database 41532 does not exist
2026-01-20 16:32:15.644 +08 [38652] FATAL:  database 37728 does not exist
2026-01-20 16:33:06.462 +08 [38852] FATAL:  database 41532 does not exist
2026-01-20 16:33:15.620 +08 [39732] FATAL:  database 37728 does not exist
2026-01-20 16:34:06.471 +08 [35680] FATAL:  database 41532 does not exist
2026-01-20 16:34:15.667 +08 [41084] FATAL:  database 37728 does not exist
2026-01-20 16:35:06.476 +08 [2956] FATAL:  database 41532 does not exist
2026-01-20 16:35:15.655 +08 [35360] FATAL:  database 37728 does not exist
2026-01-20 16:35:24.805 +08 [31292] LOG:  could not receive data from client: An existing connection was forcibly closed by the remote host.
	
2026-01-20 16:35:24.806 +08 [28916] LOG:  could not receive data from client: An existing connection was forcibly closed by the remote host.
	
2026-01-20 16:35:24.805 +08 [6136] LOG:  could not receive data from client: An existing connection was forcibly closed by the remote host.
	
2026-01-20 16:35:24.807 +08 [17828] LOG:  could not receive data from client: An existing connection was forcibly closed by the remote host.
	
2026-01-20 16:35:24.808 +08 [29344] LOG:  could not receive data from client: An existing connection was forcibly closed by the remote host.
	
2026-01-20 16:35:24.810 +08 [25688] LOG:  could not receive data from client: An existing connection was forcibly closed by the remote host.
	
2026-01-20 16:36:06.488 +08 [31292] FATAL:  database 41532 does not exist
2026-01-20 16:36:15.684 +08 [34052] FATAL:  database 37728 does not exist
2026-01-20 16:37:06.500 +08 [12996] FATAL:  database 41532 does not exist
2026-01-20 16:37:08.247 +08 [28232] LOG:  could not receive data from client: An existing connection was forcibly closed by the remote host.
	
2026-01-20 16:37:08.248 +08 [35388] LOG:  could not receive data from client: An existing connection was forcibly closed by the remote host.
	
2026-01-20 16:37:08.249 +08 [41476] LOG:  could not receive data from client: An existing connection was forcibly closed by the remote host.
	
2026-01-20 16:37:08.249 +08 [33912] LOG:  could not receive data from client: An existing connection was forcibly closed by the remote host.
	
2026-01-20 16:37:08.250 +08 [25620] LOG:  could not receive data from client: An existing connection was forcibly closed by the remote host.
	
2026-01-20 16:37:08.251 +08 [27008] LOG:  could not receive data from client: An existing connection was forcibly closed by the remote host.
	
2026-01-20 16:37:08.251 +08 [18032] LOG:  could not receive data from client: An existing connection was forcibly closed by the remote host.
	
2026-01-20 16:37:15.666 +08 [41856] FATAL:  database 37728 does not exist
2026-01-20 16:38:06.520 +08 [36156] FATAL:  database 41532 does not exist
2026-01-20 16:38:15.710 +08 [41900] FATAL:  database 37728 does not exist
2026-01-20 16:39:06.521 +08 [40028] FATAL:  database 41532 does not exist
2026-01-20 16:39:15.659 +08 [28388] FATAL:  database 37728 does not exist
2026-01-20 16:40:06.530 +08 [38640] FATAL:  database 41532 does not exist
2026-01-20 16:40:15.690 +08 [37216] FATAL:  database 37728 does not exist
2026-01-20 16:41:06.547 +08 [41456] FATAL:  database 41532 does not exist
2026-01-20 16:41:15.704 +08 [21024] FATAL:  database 37728 does not exist
2026-01-20 16:42:06.518 +08 [22332] FATAL:  database 41532 does not exist
2026-01-20 16:42:15.714 +08 [25332] FATAL:  database 37728 does not exist
2026-01-20 16:43:06.544 +08 [36104] FATAL:  database 41532 does not exist
2026-01-20 16:43:15.713 +08 [1856] FATAL:  database 37728 does not exist
2026-01-20 16:44:06.662 +08 [4676] FATAL:  database 41532 does not exist
2026-01-20 16:44:15.734 +08 [8140] FATAL:  database 37728 does not exist
2026-01-20 16:45:06.526 +08 [36012] FATAL:  database 41532 does not exist
2026-01-20 16:45:15.719 +08 [41776] FATAL:  database 37728 does not exist
2026-01-20 16:46:06.540 +08 [31504] FATAL:  database 41532 does not exist
2026-01-20 16:46:15.732 +08 [36156] FATAL:  database 37728 does not exist
2026-01-20 16:47:06.554 +08 [19480] FATAL:  database 41532 does not exist
2026-01-20 16:47:15.721 +08 [32624] FATAL:  database 37728 does not exist
2026-01-20 16:48:06.564 +08 [33912] FATAL:  database 41532 does not exist
2026-01-20 16:48:15.759 +08 [37440] FATAL:  database 37728 does not exist
2026-01-20 16:49:06.699 +08 [23764] FATAL:  database 41532 does not exist
2026-01-20 16:49:15.773 +08 [31940] FATAL:  database 37728 does not exist
2026-01-20 16:50:06.575 +08 [34336] FATAL:  database 41532 does not exist
2026-01-20 16:50:15.775 +08 [14608] FATAL:  database 37728 does not exist
2026-01-20 16:51:06.587 +08 [41700] FATAL:  database 41532 does not exist
2026-01-20 16:51:15.786 +08 [39164] FATAL:  database 37728 does not exist
2026-01-20 16:52:06.593 +08 [32448] FATAL:  database 41532 does not exist
2026-01-20 16:52:15.805 +08 [23660] FATAL:  database 37728 does not exist
2026-01-20 16:53:06.827 +08 [12712] FATAL:  database 41532 does not exist
2026-01-20 16:53:15.820 +08 [41152] FATAL:  database 37728 does not exist
2026-01-20 16:54:06.716 +08 [36984] FATAL:  database 41532 does not exist
2026-01-20 16:54:15.814 +08 [39516] FATAL:  database 37728 does not exist
2026-01-20 16:55:06.741 +08 [10780] FATAL:  database 41532 does not exist
2026-01-20 16:55:15.819 +08 [41900] FATAL:  database 37728 does not exist
2026-01-20 16:56:06.741 +08 [31104] FATAL:  database 41532 does not exist
2026-01-20 16:56:15.826 +08 [41148] FATAL:  database 37728 does not exist
2026-01-20 16:57:06.748 +08 [32692] FATAL:  database 41532 does not exist
2026-01-20 16:57:15.812 +08 [41304] FATAL:  database 37728 does not exist
2026-01-20 16:57:40.805 +08 [20284] LOG:  could not receive data from client: An existing connection was forcibly closed by the remote host.
	
2026-01-20 16:57:40.805 +08 [30332] LOG:  could not receive data from client: An existing connection was forcibly closed by the remote host.
	
2026-01-20 16:57:40.805 +08 [1836] LOG:  could not receive data from client: An existing connection was forcibly closed by the remote host.
	
2026-01-20 16:57:40.806 +08 [41696] LOG:  could not receive data from client: An existing connection was forcibly closed by the remote host.
	
2026-01-20 16:58:06.762 +08 [12640] FATAL:  database 41532 does not exist
2026-01-20 16:58:15.843 +08 [10224] FATAL:  database 37728 does not exist
2026-01-20 16:59:06.786 +08 [41292] FATAL:  database 41532 does not exist
2026-01-20 16:59:15.860 +08 [24372] FATAL:  database 37728 does not exist
2026-01-21 08:14:11.239 +08 [37728] FATAL:  database 41532 does not exist
2026-01-21 08:14:19.802 +08 [41952] FATAL:  database 37728 does not exist
2026-01-21 08:15:11.234 +08 [37996] FATAL:  database 41532 does not exist
2026-01-21 08:15:19.813 +08 [21440] FATAL:  database 37728 does not exist
2026-01-21 08:16:11.237 +08 [240] FATAL:  database 41532 does not exist
2026-01-21 08:16:19.842 +08 [28232] FATAL:  database 37728 does not exist
2026-01-21 08:17:11.256 +08 [41152] FATAL:  database 41532 does not exist
2026-01-21 08:17:19.852 +08 [29392] FATAL:  database 37728 does not exist
2026-01-21 08:18:11.281 +08 [19648] FATAL:  database 41532 does not exist
2026-01-21 08:18:19.841 +08 [40216] FATAL:  database 37728 does not exist
2026-01-21 08:19:11.284 +08 [2536] FATAL:  database 41532 does not exist
2026-01-21 08:19:19.844 +08 [2740] FATAL:  database 37728 does not exist
2026-01-21 08:20:11.278 +08 [34908] FATAL:  database 41532 does not exist
2026-01-21 08:20:19.868 +08 [35552] FATAL:  database 37728 does not exist
2026-01-21 08:21:11.281 +08 [37868] FATAL:  database 41532 does not exist
2026-01-21 08:21:19.876 +08 [30280] FATAL:  database 37728 does not exist
2026-01-21 08:22:11.308 +08 [34076] FATAL:  database 41532 does not exist
2026-01-21 08:22:19.886 +08 [29952] FATAL:  database 37728 does not exist
2026-01-21 08:23:11.300 +08 [22476] FATAL:  database 41532 does not exist
2026-01-21 08:23:19.903 +08 [36808] FATAL:  database 37728 does not exist
2026-01-21 08:24:11.313 +08 [33572] FATAL:  database 41532 does not exist
2026-01-21 08:24:19.917 +08 [3108] FATAL:  database 37728 does not exist
2026-01-21 08:25:11.306 +08 [35816] FATAL:  database 41532 does not exist
2026-01-21 08:25:19.915 +08 [28432] FATAL:  database 37728 does not exist
2026-01-21 08:26:11.325 +08 [27584] FATAL:  database 41532 does not exist
2026-01-21 08:26:19.906 +08 [11792] FATAL:  database 37728 does not exist
2026-01-21 08:27:11.329 +08 [35020] FATAL:  database 41532 does not exist
2026-01-21 08:27:19.917 +08 [38268] FATAL:  database 37728 does not exist
2026-01-21 08:28:11.333 +08 [35008] FATAL:  database 41532 does not exist
2026-01-21 08:28:19.902 +08 [29920] FATAL:  database 37728 does not exist
2026-01-21 08:29:11.322 +08 [13936] FATAL:  database 41532 does not exist
2026-01-21 08:29:20.006 +08 [27156] FATAL:  database 37728 does not exist
2026-01-21 08:30:11.362 +08 [29776] FATAL:  database 41532 does not exist
2026-01-21 08:30:20.035 +08 [20696] FATAL:  database 37728 does not exist
2026-01-21 08:31:11.366 +08 [29552] FATAL:  database 41532 does not exist
2026-01-21 08:31:20.152 +08 [8024] FATAL:  database 37728 does not exist
2026-01-21 08:32:11.375 +08 [13624] FATAL:  database 41532 does not exist
2026-01-21 08:32:20.157 +08 [2536] FATAL:  database 37728 does not exist
2026-01-21 08:33:11.348 +08 [13404] FATAL:  database 41532 does not exist
2026-01-21 08:33:20.258 +08 [21272] FATAL:  database 37728 does not exist
2026-01-21 08:34:11.500 +08 [32620] FATAL:  database 41532 does not exist
2026-01-21 08:34:20.256 +08 [10976] FATAL:  database 37728 does not exist
2026-01-21 08:35:11.372 +08 [38976] FATAL:  database 41532 does not exist
2026-01-21 08:35:20.268 +08 [40812] FATAL:  database 37728 does not exist
2026-01-21 08:36:11.376 +08 [23120] FATAL:  database 41532 does not exist
2026-01-21 08:36:20.254 +08 [19832] FATAL:  database 37728 does not exist
2026-01-21 08:37:11.386 +08 [32076] FATAL:  database 41532 does not exist
2026-01-21 08:37:20.274 +08 [25840] FATAL:  database 37728 does not exist
2026-01-21 08:38:11.387 +08 [26392] FATAL:  database 41532 does not exist
2026-01-21 08:38:20.293 +08 [30440] FATAL:  database 37728 does not exist
2026-01-21 08:39:11.431 +08 [20708] FATAL:  database 41532 does not exist
2026-01-21 08:39:20.306 +08 [15164] FATAL:  database 37728 does not exist
2026-01-21 08:40:11.409 +08 [32192] FATAL:  database 41532 does not exist
2026-01-21 08:40:20.308 +08 [30768] FATAL:  database 37728 does not exist
2026-01-21 08:41:11.433 +08 [20664] FATAL:  database 41532 does not exist
2026-01-21 08:41:20.301 +08 [10016] FATAL:  database 37728 does not exist
2026-01-21 08:42:11.443 +08 [5188] FATAL:  database 41532 does not exist
2026-01-21 08:42:20.317 +08 [5384] FATAL:  database 37728 does not exist
2026-01-21 08:43:11.438 +08 [17004] FATAL:  database 41532 does not exist
2026-01-21 08:43:20.336 +08 [26096] FATAL:  database 37728 does not exist
2026-01-21 08:44:11.443 +08 [18216] FATAL:  database 41532 does not exist
2026-01-21 08:44:20.315 +08 [28156] FATAL:  database 37728 does not exist
2026-01-21 08:45:11.481 +08 [31988] FATAL:  database 41532 does not exist
2026-01-21 08:45:20.451 +08 [30200] FATAL:  database 37728 does not exist
2026-01-21 08:46:11.458 +08 [41020] FATAL:  database 41532 does not exist
2026-01-21 08:46:20.559 +08 [17764] FATAL:  database 37728 does not exist
2026-01-21 08:47:11.480 +08 [6120] FATAL:  database 41532 does not exist
2026-01-21 08:47:20.572 +08 [19868] FATAL:  database 37728 does not exist
2026-01-21 08:48:11.474 +08 [37912] FATAL:  database 41532 does not exist
2026-01-21 08:48:20.558 +08 [4608] FATAL:  database 37728 does not exist
2026-01-21 08:49:11.476 +08 [27328] FATAL:  database 41532 does not exist
2026-01-21 08:49:20.550 +08 [36312] FATAL:  database 37728 does not exist
2026-01-21 08:50:11.507 +08 [21164] FATAL:  database 41532 does not exist
2026-01-21 08:50:20.581 +08 [18880] FATAL:  database 37728 does not exist
2026-01-21 08:51:11.510 +08 [13592] FATAL:  database 41532 does not exist
2026-01-21 08:51:20.598 +08 [12304] FATAL:  database 37728 does not exist
2026-01-21 08:52:11.509 +08 [25860] FATAL:  database 41532 does not exist
2026-01-21 08:52:20.615 +08 [40376] FATAL:  database 37728 does not exist
2026-01-21 08:53:11.593 +08 [23064] FATAL:  database 41532 does not exist
2026-01-21 08:53:20.621 +08 [16956] FATAL:  database 37728 does not exist
2026-01-21 08:54:11.719 +08 [37276] FATAL:  database 41532 does not exist
2026-01-21 08:54:20.615 +08 [22628] FATAL:  database 37728 does not exist
2026-01-21 08:55:11.726 +08 [24768] FATAL:  database 41532 does not exist
2026-01-21 08:55:20.740 +08 [25536] FATAL:  database 37728 does not exist
2026-01-21 08:56:11.754 +08 [28744] FATAL:  database 41532 does not exist
2026-01-21 08:56:20.628 +08 [31936] FATAL:  database 37728 does not exist
2026-01-21 08:57:11.769 +08 [39480] FATAL:  database 41532 does not exist
2026-01-21 08:57:20.633 +08 [30400] FATAL:  database 37728 does not exist
2026-01-21 08:58:11.769 +08 [36924] FATAL:  database 41532 does not exist
2026-01-21 08:58:20.768 +08 [29248] FATAL:  database 37728 does not exist
2026-01-21 08:59:11.773 +08 [12924] FATAL:  database 41532 does not exist
2026-01-21 08:59:20.772 +08 [19328] FATAL:  database 37728 does not exist
2026-01-21 09:00:11.784 +08 [23496] FATAL:  database 41532 does not exist
2026-01-21 09:00:20.776 +08 [30556] FATAL:  database 37728 does not exist
2026-01-21 09:01:11.787 +08 [25108] FATAL:  database 41532 does not exist
2026-01-21 09:01:20.790 +08 [21064] FATAL:  database 37728 does not exist
2026-01-21 09:02:11.809 +08 [24036] FATAL:  database 41532 does not exist
2026-01-21 09:02:20.777 +08 [32212] FATAL:  database 37728 does not exist
2026-01-21 09:03:11.796 +08 [24616] FATAL:  database 41532 does not exist
2026-01-21 09:03:20.800 +08 [27332] FATAL:  database 37728 does not exist
2026-01-21 09:04:11.816 +08 [32364] FATAL:  database 41532 does not exist
2026-01-21 09:04:20.806 +08 [6420] FATAL:  database 37728 does not exist
2026-01-21 09:05:11.827 +08 [26880] FATAL:  database 41532 does not exist
2026-01-21 09:05:20.936 +08 [41444] FATAL:  database 37728 does not exist
2026-01-21 09:06:11.826 +08 [31420] FATAL:  database 41532 does not exist
2026-01-21 09:06:20.845 +08 [15912] FATAL:  database 37728 does not exist
2026-01-21 09:07:11.838 +08 [26452] FATAL:  database 41532 does not exist
2026-01-21 09:07:20.833 +08 [32428] FATAL:  database 37728 does not exist
2026-01-21 09:08:11.851 +08 [14568] FATAL:  database 41532 does not exist
2026-01-21 09:08:20.846 +08 [36920] FATAL:  database 37728 does not exist
2026-01-21 09:09:11.858 +08 [28804] FATAL:  database 41532 does not exist
2026-01-21 09:09:20.849 +08 [23432] FATAL:  database 37728 does not exist
2026-01-21 09:10:11.851 +08 [33800] FATAL:  database 41532 does not exist
2026-01-21 09:10:21.078 +08 [37056] FATAL:  database 37728 does not exist
2026-01-21 09:11:11.866 +08 [30600] FATAL:  database 41532 does not exist
2026-01-21 09:11:20.988 +08 [10344] FATAL:  database 37728 does not exist
2026-01-21 09:12:11.873 +08 [36712] FATAL:  database 41532 does not exist
2026-01-21 09:12:20.984 +08 [28056] FATAL:  database 37728 does not exist
2026-01-21 09:13:11.866 +08 [31608] FATAL:  database 41532 does not exist
2026-01-21 09:13:21.006 +08 [39000] FATAL:  database 37728 does not exist
2026-01-21 09:14:11.907 +08 [18004] FATAL:  database 41532 does not exist
2026-01-21 09:14:21.011 +08 [31132] FATAL:  database 37728 does not exist
2026-01-21 09:15:11.911 +08 [35328] FATAL:  database 41532 does not exist
2026-01-21 09:15:21.000 +08 [5336] FATAL:  database 37728 does not exist
2026-01-21 09:16:11.918 +08 [18720] FATAL:  database 41532 does not exist
2026-01-21 09:16:21.024 +08 [41552] FATAL:  database 37728 does not exist
2026-01-21 09:17:11.916 +08 [34752] FATAL:  database 41532 does not exist
2026-01-21 09:17:21.023 +08 [16832] FATAL:  database 37728 does not exist
2026-01-21 09:18:11.914 +08 [13436] FATAL:  database 41532 does not exist
2026-01-21 09:18:21.153 +08 [5912] FATAL:  database 37728 does not exist
2026-01-21 09:19:12.023 +08 [27812] FATAL:  database 41532 does not exist
2026-01-21 09:19:21.042 +08 [4504] FATAL:  database 37728 does not exist
2026-01-21 09:20:12.034 +08 [35724] FATAL:  database 41532 does not exist
2026-01-21 09:20:21.063 +08 [19440] FATAL:  database 37728 does not exist
2026-01-21 09:21:12.039 +08 [39464] FATAL:  database 41532 does not exist
2026-01-21 09:21:21.052 +08 [13504] FATAL:  database 37728 does not exist
2026-01-21 09:22:12.034 +08 [39916] FATAL:  database 41532 does not exist
2026-01-21 09:22:21.070 +08 [9408] FATAL:  database 37728 does not exist
2026-01-21 09:23:12.056 +08 [24640] FATAL:  database 41532 does not exist
2026-01-21 09:23:21.055 +08 [15752] FATAL:  database 37728 does not exist
2026-01-21 09:24:12.067 +08 [36364] FATAL:  database 41532 does not exist
2026-01-21 09:24:21.072 +08 [19352] FATAL:  database 37728 does not exist
2026-01-21 09:25:12.075 +08 [39092] FATAL:  database 41532 does not exist
2026-01-21 09:25:21.081 +08 [31344] FATAL:  database 37728 does not exist
2026-01-21 09:26:12.180 +08 [24364] FATAL:  database 41532 does not exist
2026-01-21 09:26:21.095 +08 [41844] FATAL:  database 37728 does not exist
2026-01-21 09:27:12.190 +08 [28684] FATAL:  database 41532 does not exist
2026-01-21 09:27:21.215 +08 [14480] FATAL:  database 37728 does not exist
2026-01-21 09:28:12.196 +08 [38452] FATAL:  database 41532 does not exist
2026-01-21 09:28:21.093 +08 [30864] FATAL:  database 37728 does not exist
2026-01-21 09:29:12.193 +08 [40376] FATAL:  database 41532 does not exist
2026-01-21 09:29:21.114 +08 [5376] FATAL:  database 37728 does not exist
2026-01-21 09:30:12.207 +08 [22344] FATAL:  database 41532 does not exist
2026-01-21 09:30:21.105 +08 [16380] FATAL:  database 37728 does not exist
2026-01-21 09:31:12.196 +08 [20520] FATAL:  database 41532 does not exist
2026-01-21 09:31:21.118 +08 [24640] FATAL:  database 37728 does not exist
2026-01-21 09:32:12.222 +08 [2544] FATAL:  database 41532 does not exist
2026-01-21 09:32:21.131 +08 [6480] FATAL:  database 37728 does not exist
2026-01-21 09:33:12.219 +08 [31420] FATAL:  database 41532 does not exist
2026-01-21 09:33:21.138 +08 [39404] FATAL:  database 37728 does not exist
2026-01-21 09:34:12.229 +08 [40504] FATAL:  database 41532 does not exist
2026-01-21 09:34:21.159 +08 [40288] FATAL:  database 37728 does not exist
2026-01-21 09:35:12.244 +08 [29108] FATAL:  database 41532 does not exist
2026-01-21 09:35:21.160 +08 [22612] FATAL:  database 37728 does not exist
2026-01-21 09:36:12.323 +08 [29852] FATAL:  database 41532 does not exist
2026-01-21 09:36:21.183 +08 [27900] FATAL:  database 37728 does not exist
2026-01-21 09:37:12.329 +08 [41812] FATAL:  database 41532 does not exist
2026-01-21 09:37:21.270 +08 [29392] FATAL:  database 37728 does not exist
2026-01-21 09:38:12.349 +08 [28184] FATAL:  database 41532 does not exist
2026-01-21 09:38:21.298 +08 [27680] FATAL:  database 37728 does not exist
2026-01-21 09:39:12.462 +08 [39304] FATAL:  database 41532 does not exist
2026-01-21 09:39:21.308 +08 [39428] FATAL:  database 37728 does not exist
2026-01-21 09:40:12.437 +08 [33524] FATAL:  database 41532 does not exist
2026-01-21 09:40:21.328 +08 [33888] FATAL:  database 37728 does not exist
2026-01-21 09:41:12.561 +08 [19264] FATAL:  database 41532 does not exist
2026-01-21 09:41:21.333 +08 [20420] FATAL:  database 37728 does not exist
2026-01-21 09:42:12.583 +08 [15804] FATAL:  database 41532 does not exist
2026-01-21 09:42:21.352 +08 [28328] FATAL:  database 37728 does not exist
2026-01-21 09:43:12.577 +08 [26352] FATAL:  database 41532 does not exist
2026-01-21 09:43:21.359 +08 [17904] FATAL:  database 37728 does not exist
2026-01-21 09:44:12.696 +08 [41824] FATAL:  database 41532 does not exist
2026-01-21 09:44:21.367 +08 [35548] FATAL:  database 37728 does not exist
2026-01-21 09:45:12.699 +08 [2944] FATAL:  database 41532 does not exist
2026-01-21 09:45:21.365 +08 [22488] FATAL:  database 37728 does not exist
2026-01-21 09:46:12.696 +08 [26196] FATAL:  database 41532 does not exist
2026-01-21 09:46:21.371 +08 [19352] FATAL:  database 37728 does not exist
2026-01-21 09:47:12.688 +08 [20768] FATAL:  database 41532 does not exist
2026-01-21 09:47:21.389 +08 [25768] FATAL:  database 37728 does not exist
2026-01-21 09:48:12.710 +08 [20048] FATAL:  database 41532 does not exist
2026-01-21 09:48:21.378 +08 [8608] FATAL:  database 37728 does not exist
2026-01-21 09:49:12.733 +08 [35224] FATAL:  database 41532 does not exist
2026-01-21 09:49:21.413 +08 [18720] FATAL:  database 37728 does not exist
2026-01-21 09:50:12.731 +08 [32964] FATAL:  database 41532 does not exist
2026-01-21 09:50:21.415 +08 [19208] FATAL:  database 37728 does not exist
2026-01-21 09:51:12.753 +08 [37912] FATAL:  database 41532 does not exist
2026-01-21 09:51:21.425 +08 [5196] FATAL:  database 37728 does not exist
2026-01-21 09:52:12.746 +08 [37280] FATAL:  database 41532 does not exist
2026-01-21 09:52:21.425 +08 [20768] FATAL:  database 37728 does not exist
2026-01-21 09:53:12.778 +08 [14248] FATAL:  database 41532 does not exist
2026-01-21 09:53:21.430 +08 [30200] FATAL:  database 37728 does not exist
2026-01-21 09:54:12.879 +08 [18980] FATAL:  database 41532 does not exist
2026-01-21 09:54:21.444 +08 [18216] FATAL:  database 37728 does not exist
2026-01-21 09:55:12.893 +08 [40424] FATAL:  database 41532 does not exist
2026-01-21 09:55:21.435 +08 [40352] FATAL:  database 37728 does not exist
2026-01-21 09:56:12.992 +08 [37480] FATAL:  database 41532 does not exist
2026-01-21 09:56:21.455 +08 [2088] FATAL:  database 37728 does not exist
2026-01-21 09:57:12.998 +08 [13408] FATAL:  database 41532 does not exist
2026-01-21 09:57:21.437 +08 [41892] FATAL:  database 37728 does not exist
2026-01-21 09:58:12.982 +08 [34288] FATAL:  database 41532 does not exist
2026-01-21 09:58:21.564 +08 [31484] FATAL:  database 37728 does not exist
2026-01-21 09:59:12.989 +08 [39848] FATAL:  database 41532 does not exist
2026-01-21 09:59:21.584 +08 [2040] FATAL:  database 37728 does not exist
2026-01-21 10:00:13.016 +08 [37620] FATAL:  database 41532 does not exist
2026-01-21 10:00:21.583 +08 [468] FATAL:  database 37728 does not exist
2026-01-21 10:01:13.008 +08 [27280] FATAL:  database 41532 does not exist
2026-01-21 10:01:21.579 +08 [37516] FATAL:  database 37728 does not exist
2026-01-21 10:02:13.043 +08 [37260] FATAL:  database 41532 does not exist
2026-01-21 10:02:21.587 +08 [28668] FATAL:  database 37728 does not exist
2026-01-21 10:03:13.041 +08 [35404] FATAL:  database 41532 does not exist
2026-01-21 10:03:21.617 +08 [34692] FATAL:  database 37728 does not exist
2026-01-21 10:04:13.044 +08 [13164] FATAL:  database 41532 does not exist
2026-01-21 10:04:21.626 +08 [40364] FATAL:  database 37728 does not exist
2026-01-21 10:05:13.045 +08 [30752] FATAL:  database 41532 does not exist
2026-01-21 10:05:21.635 +08 [35156] FATAL:  database 37728 does not exist
2026-01-21 10:06:13.061 +08 [2964] FATAL:  database 41532 does not exist
2026-01-21 10:06:21.651 +08 [39564] FATAL:  database 37728 does not exist
2026-01-21 10:07:13.181 +08 [28184] FATAL:  database 41532 does not exist
2026-01-21 10:07:21.653 +08 [18764] FATAL:  database 37728 does not exist
2026-01-21 10:08:13.168 +08 [39092] FATAL:  database 41532 does not exist
2026-01-21 10:08:21.666 +08 [40652] FATAL:  database 37728 does not exist
2026-01-21 10:09:13.178 +08 [29436] FATAL:  database 41532 does not exist
2026-01-21 10:09:21.669 +08 [23144] FATAL:  database 37728 does not exist
2026-01-21 10:10:13.075 +08 [31068] FATAL:  database 41532 does not exist
2026-01-21 10:10:21.685 +08 [39624] FATAL:  database 37728 does not exist
2026-01-21 10:11:13.089 +08 [35192] FATAL:  database 41532 does not exist
2026-01-21 10:11:21.700 +08 [26516] FATAL:  database 37728 does not exist
2026-01-21 10:12:13.100 +08 [14548] FATAL:  database 41532 does not exist
2026-01-21 10:12:21.703 +08 [34524] FATAL:  database 37728 does not exist
2026-01-21 10:13:13.116 +08 [2356] FATAL:  database 41532 does not exist
2026-01-21 10:13:21.807 +08 [35028] FATAL:  database 37728 does not exist
2026-01-21 10:14:13.238 +08 [18172] FATAL:  database 41532 does not exist
2026-01-21 10:14:21.732 +08 [19476] FATAL:  database 37728 does not exist
2026-01-21 10:15:13.121 +08 [40140] FATAL:  database 41532 does not exist
2026-01-21 10:15:21.707 +08 [20860] FATAL:  database 37728 does not exist
2026-01-21 10:16:13.137 +08 [33048] FATAL:  database 41532 does not exist
2026-01-21 10:16:21.740 +08 [34748] FATAL:  database 37728 does not exist
2026-01-21 10:17:13.124 +08 [28684] FATAL:  database 41532 does not exist
2026-01-21 10:17:21.741 +08 [3000] FATAL:  database 37728 does not exist
2026-01-21 10:18:13.137 +08 [9372] FATAL:  database 41532 does not exist
2026-01-21 10:18:21.743 +08 [41412] FATAL:  database 37728 does not exist
2026-01-21 10:19:13.147 +08 [27240] FATAL:  database 41532 does not exist
2026-01-21 10:19:21.750 +08 [28156] FATAL:  database 37728 does not exist
2026-01-21 10:20:13.272 +08 [26016] FATAL:  database 41532 does not exist
2026-01-21 10:20:21.742 +08 [22116] FATAL:  database 37728 does not exist
2026-01-21 10:21:13.166 +08 [30572] FATAL:  database 41532 does not exist
2026-01-21 10:21:21.767 +08 [30440] FATAL:  database 37728 does not exist
2026-01-21 10:22:13.162 +08 [13164] FATAL:  database 41532 does not exist
2026-01-21 10:22:21.777 +08 [14912] FATAL:  database 37728 does not exist
2026-01-21 10:23:13.193 +08 [20148] FATAL:  database 41532 does not exist
2026-01-21 10:23:21.773 +08 [25780] FATAL:  database 37728 does not exist
2026-01-21 10:24:13.187 +08 [32940] FATAL:  database 41532 does not exist
2026-01-21 10:24:21.790 +08 [40860] FATAL:  database 37728 does not exist
2026-01-21 10:25:13.180 +08 [3988] FATAL:  database 41532 does not exist
2026-01-21 10:25:21.802 +08 [32192] FATAL:  database 37728 does not exist
2026-01-21 10:26:13.186 +08 [31312] FATAL:  database 41532 does not exist
2026-01-21 10:26:21.919 +08 [25596] FATAL:  database 37728 does not exist
2026-01-21 10:27:13.315 +08 [35020] FATAL:  database 41532 does not exist
2026-01-21 10:27:21.817 +08 [26696] FATAL:  database 37728 does not exist
2026-01-21 10:28:13.336 +08 [10988] FATAL:  database 41532 does not exist
2026-01-21 10:28:21.816 +08 [7152] FATAL:  database 37728 does not exist
2026-01-21 10:29:13.336 +08 [11104] FATAL:  database 41532 does not exist
2026-01-21 10:29:21.819 +08 [12072] FATAL:  database 37728 does not exist
2026-01-21 10:30:13.334 +08 [5376] FATAL:  database 41532 does not exist
2026-01-21 10:30:21.805 +08 [29976] FATAL:  database 37728 does not exist
2026-01-21 10:31:13.333 +08 [34552] FATAL:  database 41532 does not exist
2026-01-21 10:31:21.837 +08 [20464] FATAL:  database 37728 does not exist
2026-01-21 10:32:13.325 +08 [36868] FATAL:  database 41532 does not exist
2026-01-21 10:32:21.842 +08 [32260] FATAL:  database 37728 does not exist
2026-01-21 10:33:13.339 +08 [29440] FATAL:  database 41532 does not exist
2026-01-21 10:33:21.833 +08 [39396] FATAL:  database 37728 does not exist
2026-01-21 10:34:13.339 +08 [37360] FATAL:  database 41532 does not exist
2026-01-21 10:34:21.856 +08 [18048] FATAL:  database 37728 does not exist
2026-01-21 10:35:13.355 +08 [28844] FATAL:  database 41532 does not exist
2026-01-21 10:35:21.852 +08 [27764] FATAL:  database 37728 does not exist
2026-01-21 10:36:13.338 +08 [36868] FATAL:  database 41532 does not exist
2026-01-21 10:36:21.861 +08 [30436] FATAL:  database 37728 does not exist
2026-01-21 10:37:13.365 +08 [31368] FATAL:  database 41532 does not exist
2026-01-21 10:37:21.889 +08 [40388] FATAL:  database 37728 does not exist
2026-01-21 10:38:13.360 +08 [33740] FATAL:  database 41532 does not exist
2026-01-21 10:38:21.895 +08 [28396] FATAL:  database 37728 does not exist
2026-01-21 10:39:13.345 +08 [36720] FATAL:  database 41532 does not exist
2026-01-21 10:39:21.893 +08 [25108] FATAL:  database 37728 does not exist
2026-01-21 10:40:13.364 +08 [5100] FATAL:  database 41532 does not exist
2026-01-21 10:40:21.903 +08 [38564] FATAL:  database 37728 does not exist
2026-01-21 10:41:13.373 +08 [25140] FATAL:  database 41532 does not exist
2026-01-21 10:41:21.896 +08 [12956] FATAL:  database 37728 does not exist
2026-01-21 10:42:13.386 +08 [25292] FATAL:  database 41532 does not exist
2026-01-21 10:42:21.919 +08 [40944] FATAL:  database 37728 does not exist
2026-01-21 10:43:13.400 +08 [41432] FATAL:  database 41532 does not exist
2026-01-21 10:43:21.923 +08 [20520] FATAL:  database 37728 does not exist
2026-01-21 10:44:13.509 +08 [39968] FATAL:  database 41532 does not exist
2026-01-21 10:44:21.929 +08 [30200] FATAL:  database 37728 does not exist
2026-01-21 10:45:13.525 +08 [20284] FATAL:  database 41532 does not exist
2026-01-21 10:45:21.929 +08 [36944] FATAL:  database 37728 does not exist
2026-01-21 10:46:13.533 +08 [13444] FATAL:  database 41532 does not exist
2026-01-21 10:46:21.946 +08 [37348] FATAL:  database 37728 does not exist
2026-01-21 10:47:13.658 +08 [22964] FATAL:  database 41532 does not exist
2026-01-21 10:47:21.953 +08 [20140] FATAL:  database 37728 does not exist
2026-01-21 10:48:13.552 +08 [41684] FATAL:  database 41532 does not exist
2026-01-21 10:48:21.962 +08 [16440] FATAL:  database 37728 does not exist
2026-01-21 10:49:13.560 +08 [13772] FATAL:  database 41532 does not exist
2026-01-21 10:49:21.962 +08 [3020] FATAL:  database 37728 does not exist
2026-01-21 10:50:13.563 +08 [13936] FATAL:  database 41532 does not exist
2026-01-21 10:50:21.948 +08 [5112] FATAL:  database 37728 does not exist
2026-01-21 10:51:13.562 +08 [19168] FATAL:  database 41532 does not exist
2026-01-21 10:51:21.970 +08 [40688] FATAL:  database 37728 does not exist
2026-01-21 10:52:13.578 +08 [30240] FATAL:  database 41532 does not exist
2026-01-21 10:52:22.216 +08 [4592] FATAL:  database 37728 does not exist
2026-01-21 10:53:13.616 +08 [28840] FATAL:  database 41532 does not exist
2026-01-21 10:53:21.984 +08 [30760] FATAL:  database 37728 does not exist
2026-01-21 10:54:13.604 +08 [35684] FATAL:  database 41532 does not exist
2026-01-21 10:54:21.992 +08 [39396] FATAL:  database 37728 does not exist
2026-01-21 10:55:13.617 +08 [30760] FATAL:  database 41532 does not exist
2026-01-21 10:55:22.014 +08 [29548] FATAL:  database 37728 does not exist
2026-01-21 10:56:13.626 +08 [37056] FATAL:  database 41532 does not exist
2026-01-21 10:56:22.005 +08 [30220] FATAL:  database 37728 does not exist
2026-01-21 10:57:13.616 +08 [35804] FATAL:  database 41532 does not exist
2026-01-21 10:57:22.031 +08 [26528] FATAL:  database 37728 does not exist
2026-01-21 10:58:13.638 +08 [28500] FATAL:  database 41532 does not exist
2026-01-21 10:58:22.044 +08 [13380] FATAL:  database 37728 does not exist
2026-01-21 10:59:13.635 +08 [15764] FATAL:  database 41532 does not exist
2026-01-21 10:59:22.051 +08 [13404] FATAL:  database 37728 does not exist
2026-01-21 11:00:13.638 +08 [28664] FATAL:  database 41532 does not exist
2026-01-21 11:00:22.061 +08 [32232] FATAL:  database 37728 does not exist
2026-01-21 11:01:13.665 +08 [41648] FATAL:  database 41532 does not exist
2026-01-21 11:01:22.068 +08 [18152] FATAL:  database 37728 does not exist
2026-01-21 11:02:13.650 +08 [36680] FATAL:  database 41532 does not exist
2026-01-21 11:02:22.080 +08 [18720] FATAL:  database 37728 does not exist
2026-01-21 11:03:13.668 +08 [38128] FATAL:  database 41532 does not exist
2026-01-21 11:03:22.088 +08 [35416] FATAL:  database 37728 does not exist
2026-01-21 11:04:13.659 +08 [30700] FATAL:  database 41532 does not exist
2026-01-21 11:04:22.088 +08 [29180] FATAL:  database 37728 does not exist
2026-01-21 11:05:13.696 +08 [30460] FATAL:  database 41532 does not exist
2026-01-21 11:05:22.107 +08 [27896] FATAL:  database 37728 does not exist
2026-01-21 11:06:13.687 +08 [32660] FATAL:  database 41532 does not exist
2026-01-21 11:06:22.111 +08 [13948] FATAL:  database 37728 does not exist
2026-01-21 11:07:13.917 +08 [17736] FATAL:  database 41532 does not exist
2026-01-21 11:07:22.112 +08 [41312] FATAL:  database 37728 does not exist
2026-01-21 11:08:13.801 +08 [1292] FATAL:  database 41532 does not exist
2026-01-21 11:08:22.234 +08 [32848] FATAL:  database 37728 does not exist
2026-01-21 11:09:13.904 +08 [24216] FATAL:  database 41532 does not exist
2026-01-21 11:09:22.130 +08 [164] FATAL:  database 37728 does not exist
2026-01-21 11:10:13.926 +08 [35148] FATAL:  database 41532 does not exist
2026-01-21 11:10:22.131 +08 [25596] FATAL:  database 37728 does not exist
2026-01-21 11:11:13.931 +08 [36088] FATAL:  database 41532 does not exist
2026-01-21 11:11:22.139 +08 [31640] FATAL:  database 37728 does not exist
2026-01-21 11:12:14.053 +08 [39600] FATAL:  database 41532 does not exist
2026-01-21 11:12:22.130 +08 [14100] FATAL:  database 37728 does not exist
2026-01-21 11:13:13.946 +08 [29316] FATAL:  database 41532 does not exist
2026-01-21 11:13:22.151 +08 [25684] FATAL:  database 37728 does not exist
2026-01-21 11:14:14.077 +08 [15284] FATAL:  database 41532 does not exist
2026-01-21 11:14:22.151 +08 [7284] FATAL:  database 37728 does not exist
2026-01-21 11:15:13.966 +08 [22856] FATAL:  database 41532 does not exist
2026-01-21 11:15:22.160 +08 [19976] FATAL:  database 37728 does not exist
2026-01-21 11:16:13.987 +08 [33004] FATAL:  database 41532 does not exist
2026-01-21 11:16:22.171 +08 [37020] FATAL:  database 37728 does not exist
2026-01-21 11:17:13.964 +08 [24532] FATAL:  database 41532 does not exist
2026-01-21 11:17:22.184 +08 [31016] FATAL:  database 37728 does not exist
2026-01-21 11:18:14.092 +08 [15484] FATAL:  database 41532 does not exist
2026-01-21 11:18:22.401 +08 [3536] FATAL:  database 37728 does not exist
2026-01-21 11:19:14.097 +08 [41800] FATAL:  database 41532 does not exist
2026-01-21 11:19:22.289 +08 [31904] FATAL:  database 37728 does not exist
2026-01-21 11:20:14.131 +08 [18608] FATAL:  database 41532 does not exist
2026-01-21 11:20:22.306 +08 [41304] FATAL:  database 37728 does not exist
2026-01-21 11:21:14.131 +08 [12260] FATAL:  database 41532 does not exist
2026-01-21 11:21:22.298 +08 [38564] FATAL:  database 37728 does not exist
2026-01-21 11:22:14.144 +08 [25252] FATAL:  database 41532 does not exist
2026-01-21 11:22:22.318 +08 [14804] FATAL:  database 37728 does not exist
2026-01-21 11:22:44.947 +08 [15996] ERROR:  could not serialize access due to concurrent update
2026-01-21 11:22:44.947 +08 [15996] STATEMENT:   UPDATE "bus_presence"
	                    SET "status" = "__tmp"."status"::VARCHAR
	                    FROM (VALUES (1, 'offline')) AS "__tmp"("id", "status")
	                    WHERE "bus_presence"."id" = "__tmp"."id"
	                
2026-01-21 11:23:14.166 +08 [35536] FATAL:  database 41532 does not exist
2026-01-21 11:23:22.329 +08 [13888] FATAL:  database 37728 does not exist
2026-01-21 11:24:14.168 +08 [14288] FATAL:  database 41532 does not exist
2026-01-21 11:24:22.332 +08 [32908] FATAL:  database 37728 does not exist
2026-01-21 11:25:14.174 +08 [19208] FATAL:  database 41532 does not exist
2026-01-21 11:25:22.338 +08 [37612] FATAL:  database 37728 does not exist
2026-01-21 11:26:14.178 +08 [29280] FATAL:  database 41532 does not exist
2026-01-21 11:26:22.347 +08 [26524] FATAL:  database 37728 does not exist
2026-01-21 11:27:14.180 +08 [37056] FATAL:  database 41532 does not exist
2026-01-21 11:27:22.352 +08 [19880] FATAL:  database 37728 does not exist
2026-01-21 11:28:14.194 +08 [14088] FATAL:  database 41532 does not exist
2026-01-21 11:28:22.357 +08 [28812] FATAL:  database 37728 does not exist
2026-01-21 11:29:14.200 +08 [14492] FATAL:  database 41532 does not exist
2026-01-21 11:29:22.357 +08 [41260] FATAL:  database 37728 does not exist
2026-01-21 11:30:14.208 +08 [1600] FATAL:  database 41532 does not exist
2026-01-21 11:30:22.355 +08 [27116] FATAL:  database 37728 does not exist
2026-01-21 11:31:14.212 +08 [23388] FATAL:  database 41532 does not exist
2026-01-21 11:31:22.379 +08 [34436] FATAL:  database 37728 does not exist
2026-01-21 11:32:14.216 +08 [22852] FATAL:  database 41532 does not exist
2026-01-21 11:32:22.379 +08 [11456] FATAL:  database 37728 does not exist
2026-01-21 11:33:14.227 +08 [33828] FATAL:  database 41532 does not exist
2026-01-21 11:33:22.378 +08 [16132] FATAL:  database 37728 does not exist
2026-01-21 11:34:14.229 +08 [5100] FATAL:  database 41532 does not exist
2026-01-21 11:34:22.398 +08 [26680] FATAL:  database 37728 does not exist
2026-01-21 11:35:14.237 +08 [27848] FATAL:  database 41532 does not exist
2026-01-21 11:35:22.400 +08 [16404] FATAL:  database 37728 does not exist
2026-01-21 11:36:14.239 +08 [30656] FATAL:  database 41532 does not exist
2026-01-21 11:36:22.506 +08 [17636] FATAL:  database 37728 does not exist
2026-01-21 11:37:14.251 +08 [13328] FATAL:  database 41532 does not exist
2026-01-21 11:37:22.512 +08 [25108] FATAL:  database 37728 does not exist
2026-01-21 11:38:14.367 +08 [2408] FATAL:  database 41532 does not exist
2026-01-21 11:38:22.532 +08 [9992] FATAL:  database 37728 does not exist
2026-01-21 11:39:14.259 +08 [33524] FATAL:  database 41532 does not exist
2026-01-21 11:39:22.534 +08 [22124] FATAL:  database 37728 does not exist
2026-01-21 11:40:14.250 +08 [27804] FATAL:  database 41532 does not exist
2026-01-21 11:40:22.549 +08 [41040] FATAL:  database 37728 does not exist
2026-01-21 11:41:14.346 +08 [6424] FATAL:  database 41532 does not exist
2026-01-21 11:41:22.550 +08 [29344] FATAL:  database 37728 does not exist
2026-01-21 11:42:14.377 +08 [29680] FATAL:  database 41532 does not exist
2026-01-21 11:42:22.661 +08 [9008] FATAL:  database 37728 does not exist
2026-01-21 11:43:14.500 +08 [28380] FATAL:  database 41532 does not exist
2026-01-21 11:43:22.561 +08 [17940] FATAL:  database 37728 does not exist
2026-01-21 11:44:14.382 +08 [10668] FATAL:  database 41532 does not exist
2026-01-21 11:44:22.563 +08 [9328] FATAL:  database 37728 does not exist
2026-01-21 11:45:14.369 +08 [14112] FATAL:  database 41532 does not exist
2026-01-21 11:45:22.576 +08 [23204] FATAL:  database 37728 does not exist
2026-01-21 11:46:14.389 +08 [24908] FATAL:  database 41532 does not exist
2026-01-21 11:46:22.579 +08 [24496] FATAL:  database 37728 does not exist
2026-01-21 11:47:14.396 +08 [8876] FATAL:  database 41532 does not exist
2026-01-21 11:47:22.589 +08 [27128] FATAL:  database 37728 does not exist
2026-01-21 11:48:14.426 +08 [24012] FATAL:  database 41532 does not exist
2026-01-21 11:48:22.594 +08 [10244] FATAL:  database 37728 does not exist
2026-01-21 11:49:14.437 +08 [38248] FATAL:  database 41532 does not exist
2026-01-21 11:49:22.593 +08 [35828] FATAL:  database 37728 does not exist
2026-01-21 11:50:14.422 +08 [28500] FATAL:  database 41532 does not exist
2026-01-21 11:50:22.601 +08 [41476] FATAL:  database 37728 does not exist
2026-01-21 11:51:14.453 +08 [29408] FATAL:  database 41532 does not exist
2026-01-21 11:51:22.604 +08 [37072] FATAL:  database 37728 does not exist
2026-01-21 11:52:14.451 +08 [27228] FATAL:  database 41532 does not exist
2026-01-21 11:52:22.618 +08 [37360] FATAL:  database 37728 does not exist
2026-01-21 11:53:14.465 +08 [29788] FATAL:  database 41532 does not exist
2026-01-21 11:53:22.622 +08 [11600] FATAL:  database 37728 does not exist
2026-01-21 11:54:14.476 +08 [41712] FATAL:  database 41532 does not exist
2026-01-21 11:54:22.629 +08 [28716] FATAL:  database 37728 does not exist
2026-01-21 11:55:14.467 +08 [8656] FATAL:  database 41532 does not exist
2026-01-21 11:55:22.744 +08 [13544] FATAL:  database 37728 does not exist
2026-01-21 11:56:14.484 +08 [34564] FATAL:  database 41532 does not exist
2026-01-21 11:56:22.729 +08 [39668] FATAL:  database 37728 does not exist
2026-01-21 11:57:14.497 +08 [6080] FATAL:  database 41532 does not exist
2026-01-21 11:57:22.849 +08 [14052] FATAL:  database 37728 does not exist
2026-01-21 11:58:14.614 +08 [5164] FATAL:  database 41532 does not exist
2026-01-21 11:58:22.861 +08 [32232] FATAL:  database 37728 does not exist
2026-01-21 11:59:14.626 +08 [30212] FATAL:  database 41532 does not exist
2026-01-21 11:59:22.845 +08 [28324] FATAL:  database 37728 does not exist
2026-01-21 12:00:14.505 +08 [32428] FATAL:  database 41532 does not exist
2026-01-21 12:00:22.859 +08 [28520] FATAL:  database 37728 does not exist
2026-01-21 12:01:14.529 +08 [33508] FATAL:  database 41532 does not exist
2026-01-21 12:01:22.860 +08 [38644] FATAL:  database 37728 does not exist
2026-01-21 12:02:14.523 +08 [38704] FATAL:  database 41532 does not exist
2026-01-21 12:02:22.880 +08 [24812] FATAL:  database 37728 does not exist
2026-01-21 12:03:14.544 +08 [33312] FATAL:  database 41532 does not exist
2026-01-21 12:03:22.880 +08 [21128] FATAL:  database 37728 does not exist
2026-01-21 12:04:14.555 +08 [30440] FATAL:  database 41532 does not exist
2026-01-21 12:04:22.897 +08 [1980] FATAL:  database 37728 does not exist
2026-01-21 12:05:14.554 +08 [36808] FATAL:  database 41532 does not exist
2026-01-21 12:05:22.909 +08 [35312] FATAL:  database 37728 does not exist
2026-01-21 12:06:14.572 +08 [41628] FATAL:  database 41532 does not exist
2026-01-21 12:06:22.922 +08 [16824] FATAL:  database 37728 does not exist
2026-01-21 12:07:14.568 +08 [25688] FATAL:  database 41532 does not exist
2026-01-21 12:07:22.905 +08 [29584] FATAL:  database 37728 does not exist
2026-01-21 12:08:14.588 +08 [15728] FATAL:  database 41532 does not exist
2026-01-21 12:08:22.926 +08 [31940] FATAL:  database 37728 does not exist
2026-01-21 12:09:14.575 +08 [33908] FATAL:  database 41532 does not exist
2026-01-21 12:09:22.941 +08 [40592] FATAL:  database 37728 does not exist
2026-01-21 12:10:14.571 +08 [20796] FATAL:  database 41532 does not exist
2026-01-21 12:10:22.932 +08 [26164] FATAL:  database 37728 does not exist
2026-01-21 12:11:14.603 +08 [36524] FATAL:  database 41532 does not exist
2026-01-21 12:11:23.041 +08 [23360] FATAL:  database 37728 does not exist
2026-01-21 12:12:14.590 +08 [40180] FATAL:  database 41532 does not exist
2026-01-21 12:12:23.025 +08 [41936] FATAL:  database 37728 does not exist
2026-01-21 12:13:14.596 +08 [37580] FATAL:  database 41532 does not exist
2026-01-21 12:13:23.054 +08 [38112] FATAL:  database 37728 does not exist
2026-01-21 12:14:14.618 +08 [15780] FATAL:  database 41532 does not exist
2026-01-21 12:14:23.072 +08 [32740] FATAL:  database 37728 does not exist
2026-01-21 12:15:14.624 +08 [31592] FATAL:  database 41532 does not exist
2026-01-21 12:15:23.076 +08 [38892] FATAL:  database 37728 does not exist
2026-01-21 12:16:14.640 +08 [30392] FATAL:  database 41532 does not exist
2026-01-21 12:16:23.085 +08 [40184] FATAL:  database 37728 does not exist
2026-01-21 12:17:14.627 +08 [40320] FATAL:  database 41532 does not exist
2026-01-21 12:17:23.076 +08 [19464] FATAL:  database 37728 does not exist
2026-01-21 12:18:14.630 +08 [19452] FATAL:  database 41532 does not exist
2026-01-21 12:18:23.069 +08 [34544] FATAL:  database 37728 does not exist
2026-01-21 12:19:14.768 +08 [6152] FATAL:  database 41532 does not exist
2026-01-21 12:19:23.091 +08 [8148] FATAL:  database 37728 does not exist
2026-01-21 12:20:14.786 +08 [15828] FATAL:  database 41532 does not exist
2026-01-21 12:20:23.097 +08 [41740] FATAL:  database 37728 does not exist
2026-01-21 12:21:14.774 +08 [34392] FATAL:  database 41532 does not exist
2026-01-21 12:21:23.108 +08 [19808] FATAL:  database 37728 does not exist
2026-01-21 12:22:14.772 +08 [3860] FATAL:  database 41532 does not exist
2026-01-21 12:22:23.114 +08 [24424] FATAL:  database 37728 does not exist
2026-01-21 12:23:14.772 +08 [23840] FATAL:  database 41532 does not exist
2026-01-21 12:23:23.111 +08 [15620] FATAL:  database 37728 does not exist
2026-01-21 12:24:14.788 +08 [24256] FATAL:  database 41532 does not exist
2026-01-21 12:24:23.132 +08 [26844] FATAL:  database 37728 does not exist
2026-01-21 12:25:14.788 +08 [26652] FATAL:  database 41532 does not exist
2026-01-21 12:25:23.132 +08 [12268] FATAL:  database 37728 does not exist
2026-01-21 12:26:14.808 +08 [29216] FATAL:  database 41532 does not exist
2026-01-21 12:26:23.131 +08 [33236] FATAL:  database 37728 does not exist
2026-01-21 12:27:14.806 +08 [37784] FATAL:  database 41532 does not exist
2026-01-21 12:27:23.145 +08 [34544] FATAL:  database 37728 does not exist
2026-01-21 12:28:14.825 +08 [37360] FATAL:  database 41532 does not exist
2026-01-21 12:28:23.147 +08 [21028] FATAL:  database 37728 does not exist
2026-01-21 12:29:14.824 +08 [22516] FATAL:  database 41532 does not exist
2026-01-21 12:29:23.143 +08 [29368] FATAL:  database 37728 does not exist
2026-01-21 12:30:14.840 +08 [37920] FATAL:  database 41532 does not exist
2026-01-21 12:30:23.144 +08 [39344] FATAL:  database 37728 does not exist
2026-01-21 12:31:14.839 +08 [8680] FATAL:  database 41532 does not exist
2026-01-21 12:31:23.260 +08 [19976] FATAL:  database 37728 does not exist
2026-01-21 12:32:14.848 +08 [13256] FATAL:  database 41532 does not exist
2026-01-21 12:32:23.368 +08 [39980] FATAL:  database 37728 does not exist
2026-01-21 12:33:14.869 +08 [18224] FATAL:  database 41532 does not exist
2026-01-21 12:33:23.397 +08 [19880] FATAL:  database 37728 does not exist
2026-01-21 12:34:14.972 +08 [20496] FATAL:  database 41532 does not exist
2026-01-21 12:34:23.393 +08 [36684] FATAL:  database 37728 does not exist
2026-01-21 12:35:14.978 +08 [22048] FATAL:  database 41532 does not exist
2026-01-21 12:35:23.489 +08 [40904] FATAL:  database 37728 does not exist
2026-01-21 12:36:14.984 +08 [22668] FATAL:  database 41532 does not exist
2026-01-21 12:36:23.510 +08 [40940] FATAL:  database 37728 does not exist
2026-01-21 12:37:14.985 +08 [12864] FATAL:  database 41532 does not exist
2026-01-21 12:37:23.516 +08 [22892] FATAL:  database 37728 does not exist
2026-01-21 12:38:14.999 +08 [14868] FATAL:  database 41532 does not exist
2026-01-21 12:38:23.519 +08 [35356] FATAL:  database 37728 does not exist
2026-01-21 12:39:15.005 +08 [10296] FATAL:  database 41532 does not exist
2026-01-21 12:39:23.522 +08 [36612] FATAL:  database 37728 does not exist
2026-01-21 12:40:15.010 +08 [21244] FATAL:  database 41532 does not exist
2026-01-21 12:40:23.520 +08 [38308] FATAL:  database 37728 does not exist
2026-01-21 12:41:15.007 +08 [31128] FATAL:  database 41532 does not exist
2026-01-21 12:41:23.526 +08 [28564] FATAL:  database 37728 does not exist
2026-01-21 12:42:15.052 +08 [28144] FATAL:  database 41532 does not exist
2026-01-21 12:42:23.538 +08 [34908] FATAL:  database 37728 does not exist
2026-01-21 12:43:15.054 +08 [37164] FATAL:  database 41532 does not exist
2026-01-21 12:43:23.540 +08 [36756] FATAL:  database 37728 does not exist
2026-01-21 12:44:15.054 +08 [1556] FATAL:  database 41532 does not exist
2026-01-21 12:44:23.656 +08 [29668] FATAL:  database 37728 does not exist
2026-01-21 12:45:23.639 +08 [16648] FATAL:  database 41532 does not exist
2026-01-21 12:45:32.225 +08 [23724] FATAL:  database 37728 does not exist
2026-01-21 12:46:23.663 +08 [2696] FATAL:  database 41532 does not exist
2026-01-21 12:46:32.231 +08 [11124] FATAL:  database 37728 does not exist
2026-01-21 12:47:23.775 +08 [18460] FATAL:  database 41532 does not exist
2026-01-21 12:47:32.247 +08 [17668] FATAL:  database 37728 does not exist
2026-01-21 12:48:23.782 +08 [13936] FATAL:  database 41532 does not exist
2026-01-21 12:48:32.261 +08 [10584] FATAL:  database 37728 does not exist
2026-01-21 12:49:23.768 +08 [38352] FATAL:  database 41532 does not exist
2026-01-21 12:49:32.264 +08 [28764] FATAL:  database 37728 does not exist
2026-01-21 12:50:23.771 +08 [40896] FATAL:  database 41532 does not exist
2026-01-21 12:50:32.253 +08 [20200] FATAL:  database 37728 does not exist
2026-01-21 12:51:23.789 +08 [1292] FATAL:  database 41532 does not exist
2026-01-21 12:51:32.263 +08 [29184] FATAL:  database 37728 does not exist
2026-01-21 12:52:23.793 +08 [39676] FATAL:  database 41532 does not exist
2026-01-21 12:52:32.263 +08 [29532] FATAL:  database 37728 does not exist
2026-01-21 12:53:23.784 +08 [22048] FATAL:  database 41532 does not exist
2026-01-21 12:53:32.296 +08 [26012] FATAL:  database 37728 does not exist
2026-01-21 12:54:23.796 +08 [32184] FATAL:  database 41532 does not exist
2026-01-21 12:54:32.268 +08 [15616] FATAL:  database 37728 does not exist
2026-01-21 12:55:23.799 +08 [20876] FATAL:  database 41532 does not exist
2026-01-21 12:55:32.296 +08 [39660] FATAL:  database 37728 does not exist
2026-01-21 12:56:23.813 +08 [21128] FATAL:  database 41532 does not exist
2026-01-21 12:56:32.300 +08 [3276] FATAL:  database 37728 does not exist
2026-01-21 12:57:23.825 +08 [20236] FATAL:  database 41532 does not exist
2026-01-21 12:57:32.302 +08 [40676] FATAL:  database 37728 does not exist
2026-01-21 12:58:23.831 +08 [33020] FATAL:  database 41532 does not exist
2026-01-21 12:58:32.305 +08 [21432] FATAL:  database 37728 does not exist
2026-01-21 12:59:23.833 +08 [38984] FATAL:  database 41532 does not exist
2026-01-21 12:59:32.315 +08 [22892] FATAL:  database 37728 does not exist
2026-01-21 13:00:23.838 +08 [10568] FATAL:  database 41532 does not exist
2026-01-21 13:00:32.423 +08 [31640] FATAL:  database 37728 does not exist
2026-01-21 13:01:23.844 +08 [22304] FATAL:  database 41532 does not exist
2026-01-21 13:01:32.428 +08 [41024] FATAL:  database 37728 does not exist
2026-01-21 13:02:23.850 +08 [25676] FATAL:  database 41532 does not exist
2026-01-21 13:02:32.433 +08 [26892] FATAL:  database 37728 does not exist
2026-01-21 13:03:23.857 +08 [34500] FATAL:  database 41532 does not exist
2026-01-21 13:03:32.448 +08 [33780] FATAL:  database 37728 does not exist
2026-01-21 13:04:23.854 +08 [14464] FATAL:  database 41532 does not exist
2026-01-21 13:04:32.443 +08 [36928] FATAL:  database 37728 does not exist
2026-01-21 13:05:23.842 +08 [13908] FATAL:  database 41532 does not exist
2026-01-21 13:05:32.422 +08 [36448] FATAL:  database 37728 does not exist
2026-01-21 13:06:23.879 +08 [25252] FATAL:  database 41532 does not exist
2026-01-21 13:06:32.557 +08 [32156] FATAL:  database 37728 does not exist
2026-01-21 13:07:23.873 +08 [37352] FATAL:  database 41532 does not exist
2026-01-21 13:07:32.564 +08 [26096] FATAL:  database 37728 does not exist
2026-01-21 13:08:23.877 +08 [27352] FATAL:  database 41532 does not exist
2026-01-21 13:08:32.573 +08 [22856] FATAL:  database 37728 does not exist
2026-01-21 13:09:23.890 +08 [3844] FATAL:  database 41532 does not exist
2026-01-21 13:09:32.588 +08 [4840] FATAL:  database 37728 does not exist
2026-01-21 13:10:23.917 +08 [39352] FATAL:  database 41532 does not exist
2026-01-21 13:10:32.586 +08 [5144] FATAL:  database 37728 does not exist
2026-01-21 13:11:23.927 +08 [36668] FATAL:  database 41532 does not exist
2026-01-21 13:11:32.597 +08 [3860] FATAL:  database 37728 does not exist
2026-01-21 13:12:32.495 +08 [41304] FATAL:  database 41532 does not exist
2026-01-21 13:12:41.198 +08 [19668] FATAL:  database 37728 does not exist
2026-01-21 13:13:32.529 +08 [40388] FATAL:  database 41532 does not exist
2026-01-21 13:13:41.201 +08 [21076] FATAL:  database 37728 does not exist
2026-01-21 13:14:32.535 +08 [12964] FATAL:  database 41532 does not exist
2026-01-21 13:14:41.200 +08 [13812] FATAL:  database 37728 does not exist
2026-01-21 13:15:32.528 +08 [41168] FATAL:  database 41532 does not exist
2026-01-21 13:15:41.214 +08 [14100] FATAL:  database 37728 does not exist
2026-01-21 13:16:32.529 +08 [37740] FATAL:  database 41532 does not exist
2026-01-21 13:16:41.209 +08 [20560] FATAL:  database 37728 does not exist
2026-01-21 13:17:32.539 +08 [23972] FATAL:  database 41532 does not exist
2026-01-21 13:17:41.221 +08 [5868] FATAL:  database 37728 does not exist
2026-01-21 13:18:32.552 +08 [5204] FATAL:  database 41532 does not exist
2026-01-21 13:18:41.224 +08 [23588] FATAL:  database 37728 does not exist
2026-01-21 13:19:32.556 +08 [27788] FATAL:  database 41532 does not exist
2026-01-21 13:19:41.244 +08 [8200] FATAL:  database 37728 does not exist
2026-01-21 13:20:32.554 +08 [15164] FATAL:  database 41532 does not exist
2026-01-21 13:20:41.244 +08 [31088] FATAL:  database 37728 does not exist
2026-01-21 13:21:32.564 +08 [37988] FATAL:  database 41532 does not exist
2026-01-21 13:21:41.265 +08 [22520] FATAL:  database 37728 does not exist
2026-01-21 13:22:32.565 +08 [35696] FATAL:  database 41532 does not exist
2026-01-21 13:22:41.272 +08 [39804] FATAL:  database 37728 does not exist
2026-01-21 13:23:32.684 +08 [2056] FATAL:  database 41532 does not exist
2026-01-21 13:23:41.285 +08 [24308] FATAL:  database 37728 does not exist
2026-01-21 13:24:32.582 +08 [40964] FATAL:  database 41532 does not exist
2026-01-21 13:24:41.288 +08 [25832] FATAL:  database 37728 does not exist
2026-01-21 13:25:32.579 +08 [39280] FATAL:  database 41532 does not exist
2026-01-21 13:25:41.294 +08 [14564] FATAL:  database 37728 does not exist
2026-01-21 13:26:32.587 +08 [29160] FATAL:  database 41532 does not exist
2026-01-21 13:26:41.298 +08 [34712] FATAL:  database 37728 does not exist
2026-01-21 13:27:32.576 +08 [41916] FATAL:  database 41532 does not exist
2026-01-21 13:27:41.299 +08 [33276] FATAL:  database 37728 does not exist
2026-01-21 13:28:32.584 +08 [29232] FATAL:  database 41532 does not exist
2026-01-21 13:28:41.419 +08 [13316] FATAL:  database 37728 does not exist
2026-01-21 13:29:32.592 +08 [18932] FATAL:  database 41532 does not exist
2026-01-21 13:29:41.415 +08 [41796] FATAL:  database 37728 does not exist
2026-01-21 13:30:32.610 +08 [41200] FATAL:  database 41532 does not exist
2026-01-21 13:30:41.443 +08 [40752] FATAL:  database 37728 does not exist
2026-01-21 13:31:32.609 +08 [41912] FATAL:  database 41532 does not exist
2026-01-21 13:31:41.441 +08 [34108] FATAL:  database 37728 does not exist
2026-01-21 13:32:32.619 +08 [41916] FATAL:  database 41532 does not exist
2026-01-21 13:32:41.438 +08 [37912] FATAL:  database 37728 does not exist
2026-01-21 13:33:32.622 +08 [36636] FATAL:  database 41532 does not exist
2026-01-21 13:33:41.437 +08 [32572] FATAL:  database 37728 does not exist
2026-01-21 13:34:32.628 +08 [38264] FATAL:  database 41532 does not exist
2026-01-21 13:34:41.451 +08 [18164] FATAL:  database 37728 does not exist
2026-01-21 13:35:32.641 +08 [40728] FATAL:  database 41532 does not exist
2026-01-21 13:35:41.463 +08 [41936] FATAL:  database 37728 does not exist
2026-01-21 13:36:32.713 +08 [9040] FATAL:  database 41532 does not exist
2026-01-21 13:36:41.454 +08 [26020] FATAL:  database 37728 does not exist
2026-01-21 13:37:32.759 +08 [14928] FATAL:  database 41532 does not exist
2026-01-21 13:37:41.477 +08 [23264] FATAL:  database 37728 does not exist
2026-01-21 13:38:32.770 +08 [18076] FATAL:  database 41532 does not exist
2026-01-21 13:38:41.478 +08 [14600] FATAL:  database 37728 does not exist
2026-01-21 13:39:32.789 +08 [38756] FATAL:  database 41532 does not exist
2026-01-21 13:39:41.485 +08 [21428] FATAL:  database 37728 does not exist
2026-01-21 13:40:32.788 +08 [24888] FATAL:  database 41532 does not exist
2026-01-21 13:40:41.489 +08 [26440] FATAL:  database 37728 does not exist
2026-01-21 13:41:32.794 +08 [24948] FATAL:  database 41532 does not exist
2026-01-21 13:41:41.468 +08 [17636] FATAL:  database 37728 does not exist
2026-01-21 13:42:32.785 +08 [12320] FATAL:  database 41532 does not exist
2026-01-21 13:42:41.479 +08 [41272] FATAL:  database 37728 does not exist
2026-01-21 13:43:32.810 +08 [19052] FATAL:  database 41532 does not exist
2026-01-21 13:43:41.497 +08 [40400] FATAL:  database 37728 does not exist
2026-01-21 13:44:32.813 +08 [23824] FATAL:  database 41532 does not exist
2026-01-21 13:44:41.518 +08 [18992] FATAL:  database 37728 does not exist
2026-01-21 13:45:32.828 +08 [34304] FATAL:  database 41532 does not exist
2026-01-21 13:45:41.525 +08 [31140] FATAL:  database 37728 does not exist
2026-01-21 13:46:32.828 +08 [27676] FATAL:  database 41532 does not exist
2026-01-21 13:46:41.543 +08 [3464] FATAL:  database 37728 does not exist
2026-01-21 13:47:32.832 +08 [39960] FATAL:  database 41532 does not exist
2026-01-21 13:47:41.538 +08 [30072] FATAL:  database 37728 does not exist
2026-01-21 13:48:32.830 +08 [26696] FATAL:  database 41532 does not exist
2026-01-21 13:48:41.562 +08 [27528] FATAL:  database 37728 does not exist
2026-01-21 13:49:32.836 +08 [41844] FATAL:  database 41532 does not exist
2026-01-21 13:49:41.569 +08 [23964] FATAL:  database 37728 does not exist
2026-01-21 13:50:32.847 +08 [24264] FATAL:  database 41532 does not exist
2026-01-21 13:50:41.580 +08 [18156] FATAL:  database 37728 does not exist
2026-01-21 13:51:32.864 +08 [15200] FATAL:  database 41532 does not exist
2026-01-21 13:51:41.577 +08 [35932] FATAL:  database 37728 does not exist
2026-01-21 13:52:32.871 +08 [15372] FATAL:  database 41532 does not exist
2026-01-21 13:52:41.603 +08 [31676] FATAL:  database 37728 does not exist
2026-01-21 13:53:32.871 +08 [31492] FATAL:  database 41532 does not exist
2026-01-21 13:53:41.611 +08 [29672] FATAL:  database 37728 does not exist
2026-01-21 13:54:32.879 +08 [18540] FATAL:  database 41532 does not exist
2026-01-21 13:54:41.593 +08 [21680] FATAL:  database 37728 does not exist
2026-01-21 13:55:32.885 +08 [32992] FATAL:  database 41532 does not exist
2026-01-21 13:55:41.627 +08 [17000] FATAL:  database 37728 does not exist
2026-01-21 13:56:32.886 +08 [35704] FATAL:  database 41532 does not exist
2026-01-21 13:56:41.620 +08 [19180] FATAL:  database 37728 does not exist
2026-01-21 13:57:32.895 +08 [39624] FATAL:  database 41532 does not exist
2026-01-21 13:57:41.642 +08 [28416] FATAL:  database 37728 does not exist
2026-01-21 13:58:32.906 +08 [40228] FATAL:  database 41532 does not exist
2026-01-21 13:58:41.764 +08 [12684] FATAL:  database 37728 does not exist
2026-01-21 13:59:32.903 +08 [28244] FATAL:  database 41532 does not exist
2026-01-21 13:59:41.760 +08 [21992] FATAL:  database 37728 does not exist
2026-01-21 14:00:32.919 +08 [26124] FATAL:  database 41532 does not exist
2026-01-21 14:00:41.774 +08 [12516] FATAL:  database 37728 does not exist
2026-01-21 14:01:32.925 +08 [4176] FATAL:  database 41532 does not exist
2026-01-21 14:01:41.776 +08 [36608] FATAL:  database 37728 does not exist
2026-01-21 14:02:32.938 +08 [29532] FATAL:  database 41532 does not exist
2026-01-21 14:02:41.776 +08 [31604] FATAL:  database 37728 does not exist
2026-01-21 14:03:32.931 +08 [40988] FATAL:  database 41532 does not exist
2026-01-21 14:03:41.863 +08 [7624] FATAL:  database 37728 does not exist
2026-01-21 14:04:32.941 +08 [38004] FATAL:  database 41532 does not exist
2026-01-21 14:04:42.001 +08 [15232] FATAL:  database 37728 does not exist
2026-01-21 14:05:32.943 +08 [21368] FATAL:  database 41532 does not exist
2026-01-21 14:05:41.998 +08 [18024] FATAL:  database 37728 does not exist
2026-01-21 14:06:32.992 +08 [41600] FATAL:  database 41532 does not exist
2026-01-21 14:06:41.980 +08 [17760] FATAL:  database 37728 does not exist
2026-01-21 14:07:32.987 +08 [36372] FATAL:  database 41532 does not exist
2026-01-21 14:07:42.005 +08 [25416] FATAL:  database 37728 does not exist
2026-01-21 14:08:33.007 +08 [11172] FATAL:  database 41532 does not exist
2026-01-21 14:08:42.018 +08 [22612] FATAL:  database 37728 does not exist
2026-01-21 14:09:33.024 +08 [29644] FATAL:  database 41532 does not exist
2026-01-21 14:09:42.034 +08 [34628] FATAL:  database 37728 does not exist
2026-01-21 14:10:33.024 +08 [29160] FATAL:  database 41532 does not exist
2026-01-21 14:10:42.150 +08 [27424] FATAL:  database 37728 does not exist
2026-01-21 14:11:33.021 +08 [12668] FATAL:  database 41532 does not exist
2026-01-21 14:11:42.065 +08 [26708] FATAL:  database 37728 does not exist
2026-01-21 14:12:33.038 +08 [17248] FATAL:  database 41532 does not exist
2026-01-21 14:12:42.062 +08 [36568] FATAL:  database 37728 does not exist
2026-01-21 14:13:33.037 +08 [27412] FATAL:  database 41532 does not exist
2026-01-21 14:13:42.060 +08 [33904] FATAL:  database 37728 does not exist
2026-01-21 14:14:33.021 +08 [39732] FATAL:  database 41532 does not exist
2026-01-21 14:14:42.075 +08 [30760] FATAL:  database 37728 does not exist
2026-01-21 14:15:33.047 +08 [12556] FATAL:  database 41532 does not exist
2026-01-21 14:15:42.197 +08 [4740] FATAL:  database 37728 does not exist
2026-01-21 14:16:33.067 +08 [3844] FATAL:  database 41532 does not exist
2026-01-21 14:16:42.210 +08 [37984] FATAL:  database 37728 does not exist
2026-01-21 14:17:33.080 +08 [15796] FATAL:  database 41532 does not exist
2026-01-21 14:17:50.786 +08 [28796] FATAL:  database 37728 does not exist
2026-01-21 14:18:42.232 +08 [11064] FATAL:  database 41532 does not exist
2026-01-21 14:18:50.818 +08 [28056] FATAL:  database 37728 does not exist
2026-01-21 14:19:42.252 +08 [26020] FATAL:  database 41532 does not exist
2026-01-21 14:19:50.825 +08 [9032] FATAL:  database 37728 does not exist
2026-01-21 14:20:42.243 +08 [34924] FATAL:  database 41532 does not exist
2026-01-21 14:20:50.834 +08 [24528] FATAL:  database 37728 does not exist
2026-01-21 14:21:42.268 +08 [5956] FATAL:  database 41532 does not exist
2026-01-21 14:21:50.817 +08 [24236] FATAL:  database 37728 does not exist
2026-01-21 14:22:42.339 +08 [35656] FATAL:  database 41532 does not exist
2026-01-21 14:22:50.834 +08 [12984] FATAL:  database 37728 does not exist
2026-01-21 14:23:42.375 +08 [25052] FATAL:  database 41532 does not exist
2026-01-21 14:23:50.840 +08 [19092] FATAL:  database 37728 does not exist
2026-01-21 14:24:42.365 +08 [25888] FATAL:  database 41532 does not exist
2026-01-21 14:24:50.836 +08 [29012] FATAL:  database 37728 does not exist
2026-01-21 14:25:42.389 +08 [30772] FATAL:  database 41532 does not exist
2026-01-21 14:25:50.878 +08 [15584] FATAL:  database 37728 does not exist
2026-01-21 14:26:42.389 +08 [38828] FATAL:  database 41532 does not exist
2026-01-21 14:26:50.880 +08 [9368] FATAL:  database 37728 does not exist
2026-01-21 14:27:42.398 +08 [16392] FATAL:  database 41532 does not exist
2026-01-21 14:27:50.998 +08 [20020] FATAL:  database 37728 does not exist
2026-01-21 14:28:42.403 +08 [32492] FATAL:  database 41532 does not exist
2026-01-21 14:28:50.912 +08 [17744] FATAL:  database 37728 does not exist
2026-01-21 14:29:42.426 +08 [23188] FATAL:  database 41532 does not exist
2026-01-21 14:29:50.914 +08 [1624] FATAL:  database 37728 does not exist
2026-01-21 14:30:42.426 +08 [28256] FATAL:  database 41532 does not exist
2026-01-21 14:30:50.923 +08 [30156] FATAL:  database 37728 does not exist
2026-01-21 14:31:42.440 +08 [24964] FATAL:  database 41532 does not exist
2026-01-21 14:31:51.025 +08 [39712] FATAL:  database 37728 does not exist
2026-01-21 14:32:42.453 +08 [6636] FATAL:  database 41532 does not exist
2026-01-21 14:32:51.037 +08 [30568] FATAL:  database 37728 does not exist
2026-01-21 14:33:42.454 +08 [34248] FATAL:  database 41532 does not exist
2026-01-21 14:33:51.032 +08 [31476] FATAL:  database 37728 does not exist
2026-01-21 14:34:42.455 +08 [36416] FATAL:  database 41532 does not exist
2026-01-21 14:34:51.030 +08 [23172] FATAL:  database 37728 does not exist
2026-01-21 14:35:42.471 +08 [27012] FATAL:  database 41532 does not exist
2026-01-21 14:35:51.036 +08 [41236] FATAL:  database 37728 does not exist
2026-01-21 14:36:42.474 +08 [4600] FATAL:  database 41532 does not exist
2026-01-21 14:36:51.048 +08 [19976] FATAL:  database 37728 does not exist
2026-01-21 14:37:42.454 +08 [35612] FATAL:  database 41532 does not exist
2026-01-21 14:37:51.042 +08 [14564] FATAL:  database 37728 does not exist
2026-01-21 14:38:42.497 +08 [16184] FATAL:  database 41532 does not exist
2026-01-21 14:38:51.051 +08 [41976] FATAL:  database 37728 does not exist
2026-01-21 14:39:42.499 +08 [36680] FATAL:  database 41532 does not exist
2026-01-21 14:39:51.074 +08 [17248] FATAL:  database 37728 does not exist
2026-01-21 14:40:42.507 +08 [27944] FATAL:  database 41532 does not exist
2026-01-21 14:40:51.077 +08 [22304] FATAL:  database 37728 does not exist
2026-01-21 14:41:42.496 +08 [23256] FATAL:  database 41532 does not exist
2026-01-21 14:41:51.096 +08 [15612] FATAL:  database 37728 does not exist
2026-01-21 14:42:42.489 +08 [41456] FATAL:  database 41532 does not exist
2026-01-21 14:42:51.108 +08 [31340] FATAL:  database 37728 does not exist
2026-01-21 14:43:42.512 +08 [30744] FATAL:  database 41532 does not exist
2026-01-21 14:43:51.124 +08 [40724] FATAL:  database 37728 does not exist
2026-01-21 14:44:42.538 +08 [40796] FATAL:  database 41532 does not exist
2026-01-21 14:44:51.129 +08 [20188] FATAL:  database 37728 does not exist
2026-01-21 14:45:42.533 +08 [41384] FATAL:  database 41532 does not exist
2026-01-21 14:45:51.135 +08 [24496] FATAL:  database 37728 does not exist
2026-01-21 14:46:42.535 +08 [16064] FATAL:  database 41532 does not exist
2026-01-21 14:46:51.133 +08 [11584] FATAL:  database 37728 does not exist
2026-01-21 14:47:42.540 +08 [19076] FATAL:  database 41532 does not exist
2026-01-21 14:47:51.163 +08 [23140] FATAL:  database 37728 does not exist
2026-01-21 14:48:42.555 +08 [35880] FATAL:  database 41532 does not exist
2026-01-21 14:48:51.155 +08 [6340] FATAL:  database 37728 does not exist
2026-01-21 14:49:42.548 +08 [25164] FATAL:  database 41532 does not exist
2026-01-21 14:49:51.170 +08 [38480] FATAL:  database 37728 does not exist
2026-01-21 14:50:42.569 +08 [38852] FATAL:  database 41532 does not exist
2026-01-21 14:50:51.185 +08 [23180] FATAL:  database 37728 does not exist
2026-01-21 14:51:42.587 +08 [41744] FATAL:  database 41532 does not exist
2026-01-21 14:51:51.195 +08 [32096] FATAL:  database 37728 does not exist
2026-01-21 14:52:42.598 +08 [41628] FATAL:  database 41532 does not exist
2026-01-21 14:52:51.189 +08 [39548] FATAL:  database 37728 does not exist
2026-01-21 14:53:42.605 +08 [31860] FATAL:  database 41532 does not exist
2026-01-21 14:53:51.195 +08 [32724] FATAL:  database 37728 does not exist
2026-01-21 14:54:42.624 +08 [30880] FATAL:  database 41532 does not exist
2026-01-21 14:54:51.312 +08 [41824] FATAL:  database 37728 does not exist
2026-01-21 14:55:42.601 +08 [38004] FATAL:  database 41532 does not exist
2026-01-21 14:55:51.222 +08 [1336] FATAL:  database 37728 does not exist
2026-01-21 14:56:42.640 +08 [15152] FATAL:  database 41532 does not exist
2026-01-21 14:56:51.233 +08 [27224] FATAL:  database 37728 does not exist
2026-01-21 14:57:42.624 +08 [19028] FATAL:  database 41532 does not exist
2026-01-21 14:57:51.216 +08 [14836] FATAL:  database 37728 does not exist
2026-01-21 14:58:42.624 +08 [39712] FATAL:  database 41532 does not exist
2026-01-21 14:58:51.253 +08 [3952] FATAL:  database 37728 does not exist
2026-01-21 14:59:42.651 +08 [18896] FATAL:  database 41532 does not exist
2026-01-21 14:59:51.255 +08 [3864] FATAL:  database 37728 does not exist
2026-01-21 15:00:42.644 +08 [30636] FATAL:  database 41532 does not exist
2026-01-21 15:00:51.244 +08 [20704] FATAL:  database 37728 does not exist
2026-01-21 15:01:42.647 +08 [9548] FATAL:  database 41532 does not exist
2026-01-21 15:01:51.249 +08 [39164] FATAL:  database 37728 does not exist
2026-01-21 15:02:42.659 +08 [30996] FATAL:  database 41532 does not exist
2026-01-21 15:02:51.248 +08 [26672] FATAL:  database 37728 does not exist
2026-01-21 15:03:42.667 +08 [24088] FATAL:  database 41532 does not exist
2026-01-21 15:03:51.252 +08 [2696] FATAL:  database 37728 does not exist
2026-01-21 15:04:42.664 +08 [41728] FATAL:  database 41532 does not exist
2026-01-21 15:04:51.262 +08 [40056] FATAL:  database 37728 does not exist
2026-01-21 15:05:42.667 +08 [18756] FATAL:  database 41532 does not exist
2026-01-21 15:05:51.276 +08 [18164] FATAL:  database 37728 does not exist
2026-01-21 15:06:42.792 +08 [14308] FATAL:  database 41532 does not exist
2026-01-21 15:06:51.300 +08 [41892] FATAL:  database 37728 does not exist
2026-01-21 15:07:42.819 +08 [40320] FATAL:  database 41532 does not exist
2026-01-21 15:07:51.410 +08 [23588] FATAL:  database 37728 does not exist
2026-01-21 15:08:42.821 +08 [29204] FATAL:  database 41532 does not exist
2026-01-21 15:08:51.401 +08 [36536] FATAL:  database 37728 does not exist
2026-01-21 15:09:42.806 +08 [3356] FATAL:  database 41532 does not exist
2026-01-21 15:09:51.424 +08 [31888] FATAL:  database 37728 does not exist
2026-01-21 15:10:42.933 +08 [32284] FATAL:  database 41532 does not exist
2026-01-21 15:10:51.408 +08 [23480] FATAL:  database 37728 does not exist
2026-01-21 15:11:42.865 +08 [31008] FATAL:  database 41532 does not exist
2026-01-21 15:11:51.408 +08 [22676] FATAL:  database 37728 does not exist
2026-01-21 15:12:42.848 +08 [40436] FATAL:  database 41532 does not exist
2026-01-21 15:12:51.438 +08 [14328] FATAL:  database 37728 does not exist
2026-01-21 15:13:42.851 +08 [36436] FATAL:  database 41532 does not exist
2026-01-21 15:13:51.445 +08 [31044] FATAL:  database 37728 does not exist
2026-01-21 15:14:42.862 +08 [24672] FATAL:  database 41532 does not exist
2026-01-21 15:14:51.455 +08 [15484] FATAL:  database 37728 does not exist
2026-01-21 15:15:42.839 +08 [4676] FATAL:  database 41532 does not exist
2026-01-21 15:15:51.469 +08 [3016] FATAL:  database 37728 does not exist
2026-01-21 15:16:42.871 +08 [41124] FATAL:  database 41532 does not exist
2026-01-21 15:16:51.462 +08 [32156] FATAL:  database 37728 does not exist
2026-01-21 15:17:42.881 +08 [40424] FATAL:  database 41532 does not exist
2026-01-21 15:17:51.459 +08 [10528] FATAL:  database 37728 does not exist
2026-01-21 15:18:42.979 +08 [4624] FATAL:  database 41532 does not exist
2026-01-21 15:18:51.482 +08 [10452] FATAL:  database 37728 does not exist
2026-01-21 15:19:42.906 +08 [18196] FATAL:  database 41532 does not exist
2026-01-21 15:19:51.494 +08 [26724] FATAL:  database 37728 does not exist
2026-01-21 15:20:42.906 +08 [35284] FATAL:  database 41532 does not exist
2026-01-21 15:20:51.501 +08 [14052] FATAL:  database 37728 does not exist
2026-01-21 15:21:42.917 +08 [36516] FATAL:  database 41532 does not exist
2026-01-21 15:21:51.505 +08 [19188] FATAL:  database 37728 does not exist
2026-01-21 15:22:42.924 +08 [28996] FATAL:  database 41532 does not exist
2026-01-21 15:22:51.492 +08 [33836] FATAL:  database 37728 does not exist
2026-01-21 15:23:42.921 +08 [31560] FATAL:  database 41532 does not exist
2026-01-21 15:23:51.512 +08 [39088] FATAL:  database 37728 does not exist
2026-01-21 15:24:42.922 +08 [6896] FATAL:  database 41532 does not exist
2026-01-21 15:24:51.520 +08 [14512] FATAL:  database 37728 does not exist
2026-01-21 15:25:42.932 +08 [41304] FATAL:  database 41532 does not exist
2026-01-21 15:25:51.523 +08 [13932] FATAL:  database 37728 does not exist
2026-01-21 15:26:42.926 +08 [15152] FATAL:  database 41532 does not exist
2026-01-21 15:26:51.610 +08 [20528] FATAL:  database 37728 does not exist
2026-01-21 15:27:42.930 +08 [28892] FATAL:  database 41532 does not exist
2026-01-21 15:27:51.630 +08 [8888] FATAL:  database 37728 does not exist
2026-01-21 15:28:42.942 +08 [26668] FATAL:  database 41532 does not exist
2026-01-21 15:28:51.640 +08 [40288] FATAL:  database 37728 does not exist
2026-01-21 15:29:42.929 +08 [28984] FATAL:  database 41532 does not exist
2026-01-21 15:29:51.651 +08 [33856] FATAL:  database 37728 does not exist
2026-01-21 15:30:42.943 +08 [3264] FATAL:  database 41532 does not exist
2026-01-21 15:30:51.654 +08 [30048] FATAL:  database 37728 does not exist
2026-01-21 15:31:42.960 +08 [39884] FATAL:  database 41532 does not exist
2026-01-21 15:31:51.669 +08 [39820] FATAL:  database 37728 does not exist
2026-01-21 15:32:42.937 +08 [34884] FATAL:  database 41532 does not exist
2026-01-21 15:32:51.676 +08 [29548] FATAL:  database 37728 does not exist
2026-01-21 15:33:42.959 +08 [33264] FATAL:  database 41532 does not exist
2026-01-21 15:33:51.685 +08 [11916] FATAL:  database 37728 does not exist
2026-01-21 15:34:42.978 +08 [39920] FATAL:  database 41532 does not exist
2026-01-21 15:34:51.689 +08 [34256] FATAL:  database 37728 does not exist
2026-01-21 15:35:42.956 +08 [34892] FATAL:  database 41532 does not exist
2026-01-21 15:35:51.675 +08 [20064] FATAL:  database 37728 does not exist
2026-01-21 15:36:42.966 +08 [41748] FATAL:  database 41532 does not exist
2026-01-21 15:36:51.701 +08 [41584] FATAL:  database 37728 does not exist
2026-01-21 15:37:42.990 +08 [39628] FATAL:  database 41532 does not exist
2026-01-21 15:37:51.699 +08 [14512] FATAL:  database 37728 does not exist
2026-01-21 15:38:43.009 +08 [19232] FATAL:  database 41532 does not exist
2026-01-21 15:38:51.717 +08 [40576] FATAL:  database 37728 does not exist
2026-01-21 15:39:43.021 +08 [26856] FATAL:  database 41532 does not exist
2026-01-21 15:39:51.687 +08 [7268] FATAL:  database 37728 does not exist
2026-01-21 15:40:43.030 +08 [33608] FATAL:  database 41532 does not exist
2026-01-21 15:40:51.690 +08 [5768] FATAL:  database 37728 does not exist
2026-01-21 15:41:43.053 +08 [18080] FATAL:  database 41532 does not exist
2026-01-21 15:41:51.721 +08 [31936] FATAL:  database 37728 does not exist
2026-01-21 15:42:43.065 +08 [30584] FATAL:  database 41532 does not exist
2026-01-21 15:42:51.731 +08 [39192] FATAL:  database 37728 does not exist
2026-01-21 15:43:43.053 +08 [17448] FATAL:  database 41532 does not exist
2026-01-21 15:43:51.732 +08 [33836] FATAL:  database 37728 does not exist
2026-01-21 15:44:43.075 +08 [22912] FATAL:  database 41532 does not exist
2026-01-21 15:44:51.737 +08 [37020] FATAL:  database 37728 does not exist
2026-01-21 15:45:43.093 +08 [10328] FATAL:  database 41532 does not exist
2026-01-21 15:45:51.756 +08 [23952] FATAL:  database 37728 does not exist
2026-01-21 15:46:43.091 +08 [12012] FATAL:  database 41532 does not exist
2026-01-21 15:46:51.742 +08 [19540] FATAL:  database 37728 does not exist
2026-01-21 15:47:43.089 +08 [22332] FATAL:  database 41532 does not exist
2026-01-21 15:47:51.766 +08 [35008] FATAL:  database 37728 does not exist
2026-01-21 15:48:43.112 +08 [26928] FATAL:  database 41532 does not exist
2026-01-21 15:48:51.765 +08 [31432] FATAL:  database 37728 does not exist
2026-01-21 15:49:43.130 +08 [24740] FATAL:  database 41532 does not exist
2026-01-21 15:49:51.766 +08 [14364] FATAL:  database 37728 does not exist
2026-01-21 15:50:43.110 +08 [26424] FATAL:  database 41532 does not exist
2026-01-21 15:50:51.912 +08 [24568] FATAL:  database 37728 does not exist
2026-01-21 15:51:43.144 +08 [33156] FATAL:  database 41532 does not exist
2026-01-21 15:51:51.887 +08 [22476] FATAL:  database 37728 does not exist
2026-01-21 15:52:43.123 +08 [35908] FATAL:  database 41532 does not exist
2026-01-21 15:52:51.909 +08 [24324] FATAL:  database 37728 does not exist
2026-01-21 15:53:43.255 +08 [31584] FATAL:  database 41532 does not exist
2026-01-21 15:53:51.908 +08 [34796] FATAL:  database 37728 does not exist
2026-01-21 15:54:43.141 +08 [19180] FATAL:  database 41532 does not exist
2026-01-21 15:54:51.930 +08 [34916] FATAL:  database 37728 does not exist
2026-01-21 15:55:43.125 +08 [32724] FATAL:  database 41532 does not exist
2026-01-21 15:55:51.912 +08 [40476] FATAL:  database 37728 does not exist
2026-01-21 15:56:43.149 +08 [38632] FATAL:  database 41532 does not exist
2026-01-21 15:56:51.957 +08 [28536] FATAL:  database 37728 does not exist
2026-01-21 15:57:43.174 +08 [22612] FATAL:  database 41532 does not exist
2026-01-21 15:57:51.924 +08 [18424] FATAL:  database 37728 does not exist
2026-01-21 15:58:43.182 +08 [41836] FATAL:  database 41532 does not exist
2026-01-21 15:58:51.969 +08 [15668] FATAL:  database 37728 does not exist
2026-01-21 15:59:43.168 +08 [39036] FATAL:  database 41532 does not exist
2026-01-21 15:59:51.954 +08 [36752] FATAL:  database 37728 does not exist
2026-01-21 16:00:43.296 +08 [27640] FATAL:  database 41532 does not exist
2026-01-21 16:00:51.973 +08 [27520] FATAL:  database 37728 does not exist
2026-01-21 16:01:43.321 +08 [35208] FATAL:  database 41532 does not exist
2026-01-21 16:01:51.977 +08 [12156] FATAL:  database 37728 does not exist
2026-01-21 16:02:43.330 +08 [29280] FATAL:  database 41532 does not exist
2026-01-21 16:02:51.994 +08 [6060] FATAL:  database 37728 does not exist
2026-01-21 16:03:43.343 +08 [29864] FATAL:  database 41532 does not exist
2026-01-21 16:03:51.995 +08 [28316] FATAL:  database 37728 does not exist
2026-01-21 16:04:43.348 +08 [16824] FATAL:  database 41532 does not exist
2026-01-21 16:04:51.995 +08 [30380] FATAL:  database 37728 does not exist
2026-01-21 16:05:43.333 +08 [35320] FATAL:  database 41532 does not exist
2026-01-21 16:05:52.009 +08 [6152] FATAL:  database 37728 does not exist
2026-01-21 16:06:43.359 +08 [27248] FATAL:  database 41532 does not exist
2026-01-21 16:06:52.027 +08 [33276] FATAL:  database 37728 does not exist
2026-01-21 16:07:43.365 +08 [5228] FATAL:  database 41532 does not exist
2026-01-21 16:07:52.135 +08 [14348] FATAL:  database 37728 does not exist
2026-01-21 16:08:43.378 +08 [6060] FATAL:  database 41532 does not exist
2026-01-21 16:08:52.018 +08 [10608] FATAL:  database 37728 does not exist
2026-01-21 16:09:43.357 +08 [39848] FATAL:  database 41532 does not exist
2026-01-21 16:09:52.046 +08 [22484] FATAL:  database 37728 does not exist
2026-01-21 16:10:43.383 +08 [38576] FATAL:  database 41532 does not exist
2026-01-21 16:10:52.023 +08 [24204] FATAL:  database 37728 does not exist
2026-01-21 16:11:43.406 +08 [29604] FATAL:  database 41532 does not exist
2026-01-21 16:11:52.030 +08 [40288] FATAL:  database 37728 does not exist
2026-01-21 16:12:43.398 +08 [35992] FATAL:  database 41532 does not exist
2026-01-21 16:12:52.166 +08 [40208] FATAL:  database 37728 does not exist
2026-01-21 16:13:43.433 +08 [34288] FATAL:  database 41532 does not exist
2026-01-21 16:13:52.050 +08 [36208] FATAL:  database 37728 does not exist
2026-01-21 16:14:43.434 +08 [8888] FATAL:  database 41532 does not exist
2026-01-21 16:14:52.063 +08 [11460] FATAL:  database 37728 does not exist
2026-01-21 16:15:43.434 +08 [27804] FATAL:  database 41532 does not exist
2026-01-21 16:15:52.084 +08 [19008] FATAL:  database 37728 does not exist
2026-01-21 16:16:43.441 +08 [4160] FATAL:  database 41532 does not exist
2026-01-21 16:16:52.204 +08 [37932] FATAL:  database 37728 does not exist
2026-01-21 16:17:43.445 +08 [26984] FATAL:  database 41532 does not exist
2026-01-21 16:17:52.214 +08 [8888] FATAL:  database 37728 does not exist
2026-01-21 16:18:43.441 +08 [40932] FATAL:  database 41532 does not exist
2026-01-21 16:18:52.203 +08 [38136] FATAL:  database 37728 does not exist
2026-01-21 16:19:43.460 +08 [40836] FATAL:  database 41532 does not exist
2026-01-21 16:19:52.223 +08 [34404] FATAL:  database 37728 does not exist
2026-01-21 16:20:43.456 +08 [6516] FATAL:  database 41532 does not exist
2026-01-21 16:20:52.236 +08 [37604] FATAL:  database 37728 does not exist
2026-01-21 16:21:43.474 +08 [3056] FATAL:  database 41532 does not exist
2026-01-21 16:21:52.234 +08 [25024] FATAL:  database 37728 does not exist
2026-01-21 16:22:43.486 +08 [34900] FATAL:  database 41532 does not exist
2026-01-21 16:22:52.254 +08 [7412] FATAL:  database 37728 does not exist
2026-01-21 16:23:43.488 +08 [10764] FATAL:  database 41532 does not exist
2026-01-21 16:23:52.255 +08 [38020] FATAL:  database 37728 does not exist
2026-01-21 16:24:43.484 +08 [26892] FATAL:  database 41532 does not exist
2026-01-21 16:24:52.256 +08 [17180] FATAL:  database 37728 does not exist
2026-01-21 16:25:43.515 +08 [41284] FATAL:  database 41532 does not exist
2026-01-21 16:25:52.269 +08 [19896] FATAL:  database 37728 does not exist
2026-01-21 16:26:43.517 +08 [35932] FATAL:  database 41532 does not exist
2026-01-21 16:26:52.271 +08 [22344] FATAL:  database 37728 does not exist
2026-01-21 16:27:43.512 +08 [19312] FATAL:  database 41532 does not exist
2026-01-21 16:27:52.375 +08 [38160] FATAL:  database 37728 does not exist
2026-01-21 16:28:43.537 +08 [41740] FATAL:  database 41532 does not exist
2026-01-21 16:28:52.363 +08 [32796] FATAL:  database 37728 does not exist
2026-01-21 16:29:43.609 +08 [19780] FATAL:  database 41532 does not exist
2026-01-21 16:29:52.373 +08 [14020] FATAL:  database 37728 does not exist
2026-01-21 16:30:43.733 +08 [20808] FATAL:  database 41532 does not exist
2026-01-21 16:30:52.404 +08 [29124] FATAL:  database 37728 does not exist
2026-01-21 16:31:43.733 +08 [29460] FATAL:  database 41532 does not exist
2026-01-21 16:31:52.405 +08 [27032] FATAL:  database 37728 does not exist
2026-01-21 16:32:43.745 +08 [29952] FATAL:  database 41532 does not exist
2026-01-21 16:32:52.424 +08 [33508] FATAL:  database 37728 does not exist
2026-01-21 16:33:43.754 +08 [25888] FATAL:  database 41532 does not exist
2026-01-21 16:33:52.419 +08 [36028] FATAL:  database 37728 does not exist
2026-01-21 16:34:43.756 +08 [29836] FATAL:  database 41532 does not exist
2026-01-21 16:34:52.419 +08 [40840] FATAL:  database 37728 does not exist
2026-01-21 16:35:43.738 +08 [33256] FATAL:  database 41532 does not exist
2026-01-21 16:35:52.407 +08 [8132] FATAL:  database 37728 does not exist
2026-01-21 16:36:43.766 +08 [24784] FATAL:  database 41532 does not exist
2026-01-21 16:36:52.432 +08 [41492] FATAL:  database 37728 does not exist
2026-01-21 16:37:43.780 +08 [2732] FATAL:  database 41532 does not exist
2026-01-21 16:37:52.414 +08 [32212] FATAL:  database 37728 does not exist
2026-01-21 16:38:43.795 +08 [5196] FATAL:  database 41532 does not exist
2026-01-21 16:38:52.520 +08 [39172] FATAL:  database 37728 does not exist
2026-01-21 16:39:43.786 +08 [17004] FATAL:  database 41532 does not exist
2026-01-21 16:39:52.529 +08 [24592] FATAL:  database 37728 does not exist
2026-01-21 16:40:43.903 +08 [38516] FATAL:  database 41532 does not exist
2026-01-21 16:40:52.525 +08 [40208] FATAL:  database 37728 does not exist
2026-01-21 16:41:43.901 +08 [22440] FATAL:  database 41532 does not exist
2026-01-21 16:41:52.544 +08 [28480] FATAL:  database 37728 does not exist
2026-01-21 16:42:43.920 +08 [26844] FATAL:  database 41532 does not exist
2026-01-21 16:42:52.564 +08 [15208] FATAL:  database 37728 does not exist
2026-01-21 16:43:43.939 +08 [14328] FATAL:  database 41532 does not exist
2026-01-21 16:43:52.588 +08 [27192] FATAL:  database 37728 does not exist
2026-01-21 16:44:43.940 +08 [28284] FATAL:  database 41532 does not exist
2026-01-21 16:44:52.576 +08 [40220] FATAL:  database 37728 does not exist
2026-01-21 16:45:43.949 +08 [31580] FATAL:  database 41532 does not exist
2026-01-21 16:45:52.601 +08 [29480] FATAL:  database 37728 does not exist
2026-01-21 16:46:43.927 +08 [22520] FATAL:  database 41532 does not exist
2026-01-21 16:46:52.611 +08 [5672] FATAL:  database 37728 does not exist
2026-01-21 16:47:43.948 +08 [37680] FATAL:  database 41532 does not exist
2026-01-21 16:47:52.601 +08 [32488] FATAL:  database 37728 does not exist
2026-01-21 16:48:43.945 +08 [28956] FATAL:  database 41532 does not exist
2026-01-21 16:48:52.603 +08 [10676] FATAL:  database 37728 does not exist
2026-01-21 16:49:43.974 +08 [31480] FATAL:  database 41532 does not exist
2026-01-21 16:49:52.728 +08 [23168] FATAL:  database 37728 does not exist
2026-01-21 16:50:43.947 +08 [29040] FATAL:  database 41532 does not exist
2026-01-21 16:50:52.740 +08 [39328] FATAL:  database 37728 does not exist
2026-01-21 16:51:43.971 +08 [26260] FATAL:  database 41532 does not exist
2026-01-21 16:51:52.744 +08 [38784] FATAL:  database 37728 does not exist
2026-01-21 16:52:43.984 +08 [35956] FATAL:  database 41532 does not exist
2026-01-21 16:52:52.761 +08 [32368] FATAL:  database 37728 does not exist
2026-01-21 16:53:43.981 +08 [19880] FATAL:  database 41532 does not exist
2026-01-21 16:53:52.746 +08 [27976] FATAL:  database 37728 does not exist
2026-01-21 16:54:44.002 +08 [17940] FATAL:  database 41532 does not exist
2026-01-21 16:54:52.777 +08 [34744] FATAL:  database 37728 does not exist
2026-01-21 16:55:44.025 +08 [24272] FATAL:  database 41532 does not exist
2026-01-21 16:55:52.778 +08 [27756] FATAL:  database 37728 does not exist
2026-01-21 16:56:44.042 +08 [22612] FATAL:  database 41532 does not exist
2026-01-21 16:56:52.815 +08 [16392] FATAL:  database 37728 does not exist
2026-01-21 16:57:44.120 +08 [28160] FATAL:  database 41532 does not exist
2026-01-21 16:57:52.795 +08 [15172] FATAL:  database 37728 does not exist
2026-01-21 16:58:44.144 +08 [34596] FATAL:  database 41532 does not exist
2026-01-21 16:58:52.848 +08 [35208] FATAL:  database 37728 does not exist
2026-01-21 16:59:44.168 +08 [26708] FATAL:  database 41532 does not exist
2026-01-21 16:59:52.807 +08 [1660] FATAL:  database 37728 does not exist
2026-01-21 17:00:26.310 +08 [30060] LOG:  could not receive data from client: An existing connection was forcibly closed by the remote host.
	
2026-01-21 17:00:26.314 +08 [18020] LOG:  could not receive data from client: An existing connection was forcibly closed by the remote host.
	
2026-01-21 17:00:26.315 +08 [13052] LOG:  could not receive data from client: An existing connection was forcibly closed by the remote host.
	
2026-01-21 17:00:26.316 +08 [27560] LOG:  could not receive data from client: An existing connection was forcibly closed by the remote host.
	
2026-01-21 17:00:26.321 +08 [27228] LOG:  could not receive data from client: An existing connection was forcibly closed by the remote host.
	
2026-01-21 17:00:26.323 +08 [15772] LOG:  could not receive data from client: An existing connection was forcibly closed by the remote host.
	
2026-01-21 17:00:26.325 +08 [28944] LOG:  could not receive data from client: An existing connection was forcibly closed by the remote host.
	
2026-01-21 17:00:26.329 +08 [40696] LOG:  could not receive data from client: An existing connection was forcibly closed by the remote host.
	
2026-01-21 17:00:44.128 +08 [37636] FATAL:  database 41532 does not exist
2026-01-21 19:00:16.786 +08 [36988] FATAL:  database 37728 does not exist
2026-01-21 22:01:32.010 +08 [41136] FATAL:  database 41532 does not exist
2026-01-21 22:01:40.588 +08 [40264] FATAL:  database 37728 does not exist
2026-01-21 22:02:32.008 +08 [30928] FATAL:  database 41532 does not exist
2026-01-21 22:02:40.630 +08 [27964] FATAL:  database 37728 does not exist
2026-01-21 22:03:32.055 +08 [12840] FATAL:  database 41532 does not exist
2026-01-21 22:03:40.625 +08 [18120] FATAL:  database 37728 does not exist
2026-01-21 22:04:32.058 +08 [10364] FATAL:  database 41532 does not exist
2026-01-21 22:04:40.653 +08 [30212] FATAL:  database 37728 does not exist
2026-01-21 22:05:32.062 +08 [36804] FATAL:  database 41532 does not exist
2026-01-21 22:05:40.667 +08 [27416] FATAL:  database 37728 does not exist
2026-01-21 22:06:32.065 +08 [5352] FATAL:  database 41532 does not exist
2026-01-21 22:06:40.771 +08 [35244] FATAL:  database 37728 does not exist
2026-01-21 22:07:32.111 +08 [31972] FATAL:  database 41532 does not exist
2026-01-21 22:07:40.816 +08 [26820] FATAL:  database 37728 does not exist
2026-01-21 22:08:32.083 +08 [39708] FATAL:  database 41532 does not exist
2026-01-21 22:08:40.789 +08 [3844] FATAL:  database 37728 does not exist
2026-01-21 22:09:32.095 +08 [38820] FATAL:  database 41532 does not exist
2026-01-21 22:09:40.803 +08 [29864] FATAL:  database 37728 does not exist
2026-01-21 22:10:32.206 +08 [27300] FATAL:  database 41532 does not exist
2026-01-21 22:10:40.806 +08 [37932] FATAL:  database 37728 does not exist
2026-01-21 22:11:32.106 +08 [32364] FATAL:  database 41532 does not exist
2026-01-21 22:11:40.911 +08 [468] FATAL:  database 37728 does not exist
2026-01-21 22:12:32.141 +08 [1780] FATAL:  database 41532 does not exist
2026-01-21 22:12:40.933 +08 [39648] FATAL:  database 37728 does not exist
2026-01-21 22:13:32.146 +08 [32284] FATAL:  database 41532 does not exist
2026-01-21 22:13:40.938 +08 [34796] FATAL:  database 37728 does not exist
2026-01-21 22:14:32.145 +08 [29524] FATAL:  database 41532 does not exist
2026-01-21 22:14:40.935 +08 [35756] FATAL:  database 37728 does not exist
2026-01-21 22:15:32.149 +08 [7692] FATAL:  database 41532 does not exist
2026-01-21 22:15:40.950 +08 [27776] FATAL:  database 37728 does not exist
2026-01-21 22:16:32.178 +08 [34704] FATAL:  database 41532 does not exist
2026-01-21 22:16:40.949 +08 [39752] FATAL:  database 37728 does not exist
2026-01-21 22:17:32.150 +08 [7500] FATAL:  database 41532 does not exist
2026-01-21 22:17:41.048 +08 [27448] FATAL:  database 37728 does not exist
2026-01-21 22:18:32.181 +08 [26124] FATAL:  database 41532 does not exist
2026-01-21 22:18:41.070 +08 [31556] FATAL:  database 37728 does not exist
2026-01-21 22:19:32.166 +08 [41012] FATAL:  database 41532 does not exist
2026-01-21 22:19:41.060 +08 [23496] FATAL:  database 37728 does not exist
2026-01-21 22:20:32.212 +08 [31860] FATAL:  database 41532 does not exist
2026-01-21 22:20:41.146 +08 [38504] FATAL:  database 37728 does not exist
2026-01-21 22:21:32.203 +08 [36404] FATAL:  database 41532 does not exist
2026-01-21 22:21:41.102 +08 [24624] FATAL:  database 37728 does not exist
2026-01-21 22:22:32.281 +08 [15820] FATAL:  database 41532 does not exist
2026-01-21 22:22:41.146 +08 [35940] FATAL:  database 37728 does not exist
2026-01-21 22:23:32.230 +08 [34048] FATAL:  database 41532 does not exist
2026-01-21 22:23:41.131 +08 [39844] FATAL:  database 37728 does not exist
2026-01-21 22:24:32.238 +08 [12872] FATAL:  database 41532 does not exist
2026-01-21 22:24:41.129 +08 [27856] FATAL:  database 37728 does not exist
2026-01-21 22:25:32.342 +08 [13328] FATAL:  database 41532 does not exist
2026-01-21 22:25:41.144 +08 [29952] FATAL:  database 37728 does not exist
2026-01-21 22:26:32.266 +08 [37948] FATAL:  database 41532 does not exist
2026-01-21 22:26:41.152 +08 [29176] FATAL:  database 37728 does not exist
2026-01-21 22:27:32.512 +08 [312] FATAL:  database 41532 does not exist
2026-01-21 22:27:41.200 +08 [37232] FATAL:  database 37728 does not exist
2026-01-21 22:28:32.348 +08 [2356] FATAL:  database 41532 does not exist
2026-01-21 22:28:41.341 +08 [29816] FATAL:  database 37728 does not exist
2026-01-21 22:29:32.307 +08 [11480] FATAL:  database 41532 does not exist
2026-01-21 22:29:41.287 +08 [38228] FATAL:  database 37728 does not exist
2026-01-21 22:30:32.350 +08 [12852] FATAL:  database 41532 does not exist
2026-01-21 22:30:41.296 +08 [18948] FATAL:  database 37728 does not exist
2026-01-21 22:31:32.440 +08 [4156] FATAL:  database 41532 does not exist
2026-01-21 22:31:41.287 +08 [1988] FATAL:  database 37728 does not exist
2026-01-21 22:32:32.369 +08 [18200] FATAL:  database 41532 does not exist
2026-01-21 22:32:41.286 +08 [2640] FATAL:  database 37728 does not exist
2026-01-21 23:05:06.284 +08 [33436] FATAL:  database 41532 does not exist
2026-01-21 23:05:14.797 +08 [33528] FATAL:  database 37728 does not exist
2026-01-21 23:06:06.275 +08 [40384] FATAL:  database 41532 does not exist
2026-01-21 23:06:14.826 +08 [25436] FATAL:  database 37728 does not exist
2026-01-21 23:07:06.284 +08 [25736] FATAL:  database 41532 does not exist
2026-01-21 23:07:14.833 +08 [36376] FATAL:  database 37728 does not exist
2026-01-21 23:08:06.298 +08 [33552] FATAL:  database 41532 does not exist
2026-01-21 23:08:14.828 +08 [6632] FATAL:  database 37728 does not exist
2026-01-21 23:09:06.295 +08 [32112] FATAL:  database 41532 does not exist
2026-01-21 23:09:14.934 +08 [13668] FATAL:  database 37728 does not exist
2026-01-21 23:10:06.406 +08 [36280] FATAL:  database 41532 does not exist
2026-01-21 23:10:14.964 +08 [30548] FATAL:  database 37728 does not exist
2026-01-21 23:11:06.400 +08 [16644] FATAL:  database 41532 does not exist
2026-01-21 23:11:14.958 +08 [13684] FATAL:  database 37728 does not exist
2026-01-21 23:12:06.522 +08 [40184] FATAL:  database 41532 does not exist
2026-01-21 23:12:14.965 +08 [30064] FATAL:  database 37728 does not exist
2026-01-21 23:13:06.528 +08 [32872] FATAL:  database 41532 does not exist
2026-01-21 23:13:14.976 +08 [16404] FATAL:  database 37728 does not exist
2026-01-21 23:14:06.529 +08 [19256] FATAL:  database 41532 does not exist
2026-01-21 23:14:14.984 +08 [1596] FATAL:  database 37728 does not exist
2026-01-21 23:15:06.553 +08 [26480] FATAL:  database 41532 does not exist
2026-01-21 23:15:14.981 +08 [20504] FATAL:  database 37728 does not exist
2026-01-21 23:16:06.554 +08 [36164] FATAL:  database 41532 does not exist
2026-01-21 23:16:14.997 +08 [2056] FATAL:  database 37728 does not exist
2026-01-21 23:17:06.564 +08 [37920] FATAL:  database 41532 does not exist
2026-01-21 23:17:15.012 +08 [27596] FATAL:  database 37728 does not exist
2026-01-21 23:18:06.565 +08 [29012] FATAL:  database 41532 does not exist
2026-01-21 23:18:15.026 +08 [13800] FATAL:  database 37728 does not exist
2026-01-21 23:19:06.571 +08 [31404] FATAL:  database 41532 does not exist
2026-01-21 23:19:15.017 +08 [36124] FATAL:  database 37728 does not exist
2026-01-21 23:20:06.584 +08 [26560] FATAL:  database 41532 does not exist
2026-01-21 23:20:15.040 +08 [28716] FATAL:  database 37728 does not exist
2026-01-21 23:21:06.588 +08 [40444] FATAL:  database 41532 does not exist
2026-01-21 23:21:15.030 +08 [37884] FATAL:  database 37728 does not exist
2026-01-21 23:22:06.599 +08 [36252] FATAL:  database 41532 does not exist
2026-01-21 23:22:15.047 +08 [5564] FATAL:  database 37728 does not exist
2026-01-21 23:23:06.595 +08 [40044] FATAL:  database 41532 does not exist
2026-01-21 23:23:15.050 +08 [31204] FATAL:  database 37728 does not exist
2026-01-21 23:24:06.596 +08 [40676] FATAL:  database 41532 does not exist
2026-01-21 23:24:15.044 +08 [28272] FATAL:  database 37728 does not exist
2026-01-21 23:25:06.611 +08 [37688] FATAL:  database 41532 does not exist
2026-01-21 23:25:15.068 +08 [39164] FATAL:  database 37728 does not exist
2026-01-21 23:26:06.624 +08 [13612] FATAL:  database 41532 does not exist
2026-01-21 23:26:15.057 +08 [40836] FATAL:  database 37728 does not exist
2026-01-21 23:27:06.640 +08 [41408] FATAL:  database 41532 does not exist
2026-01-21 23:27:15.080 +08 [24560] FATAL:  database 37728 does not exist
2026-01-21 23:28:06.653 +08 [3860] FATAL:  database 41532 does not exist
2026-01-21 23:28:15.082 +08 [12672] FATAL:  database 37728 does not exist
2026-01-21 23:29:06.652 +08 [15204] FATAL:  database 41532 does not exist
2026-01-21 23:29:15.101 +08 [33008] FATAL:  database 37728 does not exist
2026-01-21 23:30:06.633 +08 [27604] FATAL:  database 41532 does not exist
2026-01-21 23:30:15.107 +08 [37576] FATAL:  database 37728 does not exist
2026-01-21 23:31:06.659 +08 [39132] FATAL:  database 41532 does not exist
2026-01-21 23:31:15.117 +08 [13684] FATAL:  database 37728 does not exist
2026-01-21 23:32:06.678 +08 [31264] FATAL:  database 41532 does not exist
2026-01-21 23:32:15.120 +08 [11348] FATAL:  database 37728 does not exist
2026-01-21 23:33:06.682 +08 [24908] FATAL:  database 41532 does not exist
2026-01-21 23:33:15.134 +08 [20496] FATAL:  database 37728 does not exist
2026-01-21 23:34:06.673 +08 [30384] FATAL:  database 41532 does not exist
2026-01-21 23:34:15.131 +08 [9560] FATAL:  database 37728 does not exist
2026-01-21 23:35:06.693 +08 [15832] FATAL:  database 41532 does not exist
2026-01-21 23:35:15.140 +08 [34632] FATAL:  database 37728 does not exist
2026-01-21 23:36:06.697 +08 [35608] FATAL:  database 41532 does not exist
2026-01-21 23:36:15.234 +08 [37284] FATAL:  database 37728 does not exist
2026-01-21 23:37:06.706 +08 [23680] FATAL:  database 41532 does not exist
2026-01-21 23:37:15.255 +08 [36228] FATAL:  database 37728 does not exist
2026-01-21 23:38:06.712 +08 [24956] FATAL:  database 41532 does not exist
2026-01-21 23:38:15.253 +08 [27784] FATAL:  database 37728 does not exist
2026-01-21 23:39:06.726 +08 [39888] FATAL:  database 41532 does not exist
2026-01-21 23:39:15.271 +08 [12624] FATAL:  database 37728 does not exist
2026-01-21 23:40:06.734 +08 [33540] FATAL:  database 41532 does not exist
2026-01-21 23:40:15.276 +08 [30596] FATAL:  database 37728 does not exist
2026-01-21 23:41:06.735 +08 [6568] FATAL:  database 41532 does not exist
2026-01-21 23:41:15.265 +08 [36276] FATAL:  database 37728 does not exist
2026-01-21 23:42:06.744 +08 [5100] FATAL:  database 41532 does not exist
2026-01-21 23:42:15.282 +08 [15740] FATAL:  database 37728 does not exist
2026-01-21 23:43:06.731 +08 [23316] FATAL:  database 41532 does not exist
2026-01-21 23:43:15.280 +08 [41672] FATAL:  database 37728 does not exist
2026-01-21 23:44:06.741 +08 [36924] FATAL:  database 41532 does not exist
2026-01-21 23:44:15.291 +08 [14324] FATAL:  database 37728 does not exist
2026-01-21 23:45:06.773 +08 [36076] FATAL:  database 41532 does not exist
2026-01-21 23:45:15.415 +08 [22764] FATAL:  database 37728 does not exist
2026-01-21 23:46:06.768 +08 [31952] FATAL:  database 41532 does not exist
2026-01-21 23:46:15.411 +08 [37880] FATAL:  database 37728 does not exist
2026-01-21 23:47:06.896 +08 [33928] FATAL:  database 41532 does not exist
2026-01-21 23:47:15.438 +08 [26608] FATAL:  database 37728 does not exist
2026-01-21 23:48:06.916 +08 [22168] FATAL:  database 41532 does not exist
2026-01-21 23:48:15.450 +08 [13484] FATAL:  database 37728 does not exist
2026-01-21 23:49:06.809 +08 [40336] FATAL:  database 41532 does not exist
2026-01-21 23:49:15.420 +08 [41076] FATAL:  database 37728 does not exist
2026-01-21 23:50:06.808 +08 [39120] FATAL:  database 41532 does not exist
2026-01-21 23:50:15.434 +08 [29760] FATAL:  database 37728 does not exist
2026-01-21 23:51:06.815 +08 [6524] FATAL:  database 41532 does not exist
2026-01-21 23:51:15.444 +08 [38640] FATAL:  database 37728 does not exist
2026-01-21 23:52:06.826 +08 [24784] FATAL:  database 41532 does not exist
2026-01-21 23:52:15.485 +08 [30784] FATAL:  database 37728 does not exist
2026-01-21 23:53:06.837 +08 [39996] FATAL:  database 41532 does not exist
2026-01-21 23:53:15.494 +08 [38892] FATAL:  database 37728 does not exist
2026-01-21 23:54:06.856 +08 [8672] FATAL:  database 41532 does not exist
2026-01-21 23:54:15.478 +08 [11388] FATAL:  database 37728 does not exist
2026-01-21 23:55:06.860 +08 [41224] FATAL:  database 41532 does not exist
2026-01-21 23:55:15.509 +08 [33376] FATAL:  database 37728 does not exist
2026-01-21 23:56:06.875 +08 [19768] FATAL:  database 41532 does not exist
2026-01-21 23:56:15.501 +08 [40364] FATAL:  database 37728 does not exist
2026-01-21 23:57:06.874 +08 [38056] FATAL:  database 41532 does not exist
2026-01-21 23:57:15.533 +08 [18832] FATAL:  database 37728 does not exist
2026-01-21 23:58:06.888 +08 [26164] FATAL:  database 41532 does not exist
2026-01-21 23:58:15.541 +08 [14580] FATAL:  database 37728 does not exist
2026-01-21 23:59:06.885 +08 [32844] FATAL:  database 41532 does not exist
2026-01-21 23:59:15.542 +08 [8796] FATAL:  database 37728 does not exist
2026-01-22 00:00:06.884 +08 [39708] FATAL:  database 41532 does not exist
2026-01-22 00:00:15.559 +08 [37284] FATAL:  database 37728 does not exist
2026-01-22 00:01:06.884 +08 [38752] FATAL:  database 41532 does not exist
2026-01-22 00:01:15.534 +08 [8680] FATAL:  database 37728 does not exist
2026-01-22 00:02:06.909 +08 [38052] FATAL:  database 41532 does not exist
2026-01-22 00:02:15.537 +08 [38020] FATAL:  database 37728 does not exist
2026-01-22 00:03:06.894 +08 [38720] FATAL:  database 41532 does not exist
2026-01-22 00:03:15.531 +08 [40204] FATAL:  database 37728 does not exist
2026-01-22 00:04:06.919 +08 [30456] FATAL:  database 41532 does not exist
2026-01-22 00:04:15.684 +08 [39608] FATAL:  database 37728 does not exist
2026-01-22 00:05:06.898 +08 [19556] FATAL:  database 41532 does not exist
2026-01-22 00:05:15.562 +08 [28892] FATAL:  database 37728 does not exist
2026-01-22 00:06:06.916 +08 [41040] FATAL:  database 41532 does not exist
2026-01-22 00:06:15.555 +08 [28388] FATAL:  database 37728 does not exist
2026-01-22 00:07:06.907 +08 [26932] FATAL:  database 41532 does not exist
2026-01-22 00:07:15.561 +08 [29624] FATAL:  database 37728 does not exist
2026-01-22 00:08:06.930 +08 [36116] FATAL:  database 41532 does not exist
2026-01-22 00:08:15.570 +08 [40460] FATAL:  database 37728 does not exist
2026-01-22 00:09:06.942 +08 [11384] FATAL:  database 41532 does not exist
2026-01-22 00:09:15.687 +08 [41288] FATAL:  database 37728 does not exist
2026-01-22 00:10:06.965 +08 [39960] FATAL:  database 41532 does not exist
2026-01-22 00:10:15.697 +08 [28968] FATAL:  database 37728 does not exist
2026-01-22 00:11:06.961 +08 [41644] FATAL:  database 41532 does not exist
2026-01-22 00:11:15.714 +08 [21756] FATAL:  database 37728 does not exist
2026-01-22 00:12:06.955 +08 [37384] FATAL:  database 41532 does not exist
2026-01-22 00:12:15.830 +08 [39608] FATAL:  database 37728 does not exist
2026-01-22 00:13:06.975 +08 [21980] FATAL:  database 41532 does not exist
2026-01-22 00:13:15.809 +08 [16660] FATAL:  database 37728 does not exist
2026-01-22 00:14:06.972 +08 [29924] FATAL:  database 41532 does not exist
2026-01-22 00:14:15.815 +08 [33204] FATAL:  database 37728 does not exist
2026-01-22 00:15:06.973 +08 [22576] FATAL:  database 41532 does not exist
2026-01-22 00:15:15.939 +08 [37628] FATAL:  database 37728 does not exist
2026-01-22 00:16:06.986 +08 [24868] FATAL:  database 41532 does not exist
2026-01-22 00:16:15.966 +08 [34924] FATAL:  database 37728 does not exist
2026-01-22 00:17:07.005 +08 [40816] FATAL:  database 41532 does not exist
2026-01-22 00:17:15.964 +08 [2640] FATAL:  database 37728 does not exist
2026-01-22 00:18:07.010 +08 [24784] FATAL:  database 41532 does not exist
2026-01-22 00:18:15.953 +08 [35972] FATAL:  database 37728 does not exist
2026-01-22 00:19:07.000 +08 [16836] FATAL:  database 41532 does not exist
2026-01-22 00:19:15.969 +08 [4540] FATAL:  database 37728 does not exist
2026-01-22 00:20:06.994 +08 [26708] FATAL:  database 41532 does not exist
2026-01-22 00:20:15.987 +08 [19116] FATAL:  database 37728 does not exist
2026-01-22 00:21:07.011 +08 [29660] FATAL:  database 41532 does not exist
2026-01-22 00:21:15.975 +08 [22184] FATAL:  database 37728 does not exist
2026-01-22 00:22:07.031 +08 [29232] FATAL:  database 41532 does not exist
2026-01-22 00:22:15.993 +08 [39808] FATAL:  database 37728 does not exist
2026-01-22 00:23:07.028 +08 [37964] FATAL:  database 41532 does not exist
2026-01-22 00:23:15.975 +08 [31252] FATAL:  database 37728 does not exist
2026-01-22 00:24:07.023 +08 [28944] FATAL:  database 41532 does not exist
2026-01-22 00:24:16.010 +08 [29268] FATAL:  database 37728 does not exist
2026-01-22 00:25:07.059 +08 [31604] FATAL:  database 41532 does not exist
2026-01-22 00:25:16.012 +08 [29172] FATAL:  database 37728 does not exist
2026-01-22 00:26:22.732 +08 [21476] FATAL:  database 41532 does not exist
2026-01-22 00:27:00.230 +08 [35064] FATAL:  database 37728 does not exist
2026-01-22 00:53:08.899 +08 [2148] FATAL:  database 41532 does not exist
2026-01-22 00:57:09.723 +08 [38380] FATAL:  database 37728 does not exist
2026-01-22 01:22:49.850 +08 [26080] FATAL:  database 41532 does not exist
2026-01-22 01:26:17.062 +08 [26456] FATAL:  database 37728 does not exist
2026-01-22 08:12:22.524 +08 [12764] FATAL:  database 41532 does not exist
2026-01-22 08:12:31.089 +08 [36412] FATAL:  database 37728 does not exist
2026-01-22 08:13:22.624 +08 [29660] FATAL:  database 41532 does not exist
2026-01-22 08:13:31.148 +08 [28712] FATAL:  database 37728 does not exist
2026-01-22 08:14:22.581 +08 [2336] FATAL:  database 41532 does not exist
2026-01-22 08:14:31.158 +08 [34492] FATAL:  database 37728 does not exist
2026-01-22 08:15:22.609 +08 [15328] FATAL:  database 41532 does not exist
2026-01-22 08:15:31.255 +08 [32304] FATAL:  database 37728 does not exist
2026-01-22 08:22:35.501 +08 [27240] FATAL:  database 41532 does not exist
2026-01-22 08:22:44.085 +08 [41968] FATAL:  database 37728 does not exist
2026-01-22 08:23:35.475 +08 [15872] FATAL:  database 41532 does not exist
2026-01-22 08:23:44.070 +08 [28408] FATAL:  database 37728 does not exist
2026-01-22 08:24:35.468 +08 [31132] FATAL:  database 41532 does not exist
2026-01-22 08:24:44.050 +08 [31044] FATAL:  database 37728 does not exist
2026-01-22 08:25:35.511 +08 [32784] FATAL:  database 41532 does not exist
2026-01-22 08:25:44.053 +08 [38884] FATAL:  database 37728 does not exist
2026-01-22 08:26:35.498 +08 [34328] FATAL:  database 41532 does not exist
2026-01-22 08:26:44.054 +08 [22084] FATAL:  database 37728 does not exist
2026-01-22 08:27:35.493 +08 [40820] FATAL:  database 41532 does not exist
2026-01-22 08:27:44.075 +08 [39196] FATAL:  database 37728 does not exist
2026-01-22 08:28:35.516 +08 [33804] FATAL:  database 41532 does not exist
2026-01-22 08:28:44.077 +08 [30584] FATAL:  database 37728 does not exist
2026-01-22 08:29:35.516 +08 [19260] FATAL:  database 41532 does not exist
2026-01-22 08:29:44.198 +08 [23436] FATAL:  database 37728 does not exist
2026-01-22 08:30:35.524 +08 [41312] FATAL:  database 41532 does not exist
2026-01-22 08:30:44.090 +08 [11276] FATAL:  database 37728 does not exist
2026-01-22 08:31:35.650 +08 [5564] FATAL:  database 41532 does not exist
2026-01-22 08:31:44.103 +08 [22336] FATAL:  database 37728 does not exist
2026-01-22 08:32:35.546 +08 [16284] FATAL:  database 41532 does not exist
2026-01-22 08:32:44.107 +08 [17628] FATAL:  database 37728 does not exist
2026-01-22 08:33:35.550 +08 [38252] FATAL:  database 41532 does not exist
2026-01-22 08:33:44.125 +08 [30048] FATAL:  database 37728 does not exist
2026-01-22 08:34:35.550 +08 [30848] FATAL:  database 41532 does not exist
2026-01-22 08:34:44.194 +08 [40352] FATAL:  database 37728 does not exist
2026-01-22 08:35:35.544 +08 [24944] FATAL:  database 41532 does not exist
2026-01-22 08:35:44.207 +08 [16316] FATAL:  database 37728 does not exist
2026-01-22 08:36:35.555 +08 [27444] FATAL:  database 41532 does not exist
2026-01-22 08:36:44.235 +08 [31460] FATAL:  database 37728 does not exist
2026-01-22 08:37:35.568 +08 [34248] FATAL:  database 41532 does not exist
2026-01-22 08:37:44.210 +08 [36452] FATAL:  database 37728 does not exist
2026-01-22 08:38:35.705 +08 [39348] FATAL:  database 41532 does not exist
2026-01-22 08:38:44.247 +08 [41732] FATAL:  database 37728 does not exist
2026-01-22 08:39:35.593 +08 [39812] FATAL:  database 41532 does not exist
2026-01-22 08:39:44.253 +08 [32904] FATAL:  database 37728 does not exist
2026-01-22 08:40:35.601 +08 [12240] FATAL:  database 41532 does not exist
2026-01-22 08:40:44.372 +08 [40688] FATAL:  database 37728 does not exist
2026-01-22 08:41:35.621 +08 [24956] FATAL:  database 41532 does not exist
2026-01-22 08:41:44.464 +08 [30896] FATAL:  database 37728 does not exist
2026-01-22 08:42:35.621 +08 [23704] FATAL:  database 41532 does not exist
2026-01-22 08:42:44.480 +08 [12504] FATAL:  database 37728 does not exist
2026-01-22 08:43:35.640 +08 [31484] FATAL:  database 41532 does not exist
2026-01-22 08:43:44.483 +08 [14688] FATAL:  database 37728 does not exist
2026-01-22 08:44:35.607 +08 [24896] FATAL:  database 41532 does not exist
2026-01-22 08:44:44.486 +08 [13888] FATAL:  database 37728 does not exist
2026-01-22 08:45:35.630 +08 [29480] FATAL:  database 41532 does not exist
2026-01-22 08:45:44.505 +08 [26236] FATAL:  database 37728 does not exist
2026-01-22 08:46:35.640 +08 [33348] FATAL:  database 41532 does not exist
2026-01-22 08:46:44.517 +08 [30960] FATAL:  database 37728 does not exist
2026-01-22 08:47:35.636 +08 [13776] FATAL:  database 41532 does not exist
2026-01-22 08:47:44.515 +08 [33396] FATAL:  database 37728 does not exist
2026-01-22 08:48:35.656 +08 [32992] FATAL:  database 41532 does not exist
2026-01-22 08:48:44.524 +08 [17976] FATAL:  database 37728 does not exist
2026-01-22 08:49:35.659 +08 [20640] FATAL:  database 41532 does not exist
2026-01-22 08:49:44.544 +08 [35624] FATAL:  database 37728 does not exist
2026-01-22 08:50:35.658 +08 [10104] FATAL:  database 41532 does not exist
2026-01-22 08:50:44.662 +08 [39648] FATAL:  database 37728 does not exist
2026-01-22 08:51:35.703 +08 [27020] FATAL:  database 41532 does not exist
2026-01-22 08:51:44.689 +08 [38112] FATAL:  database 37728 does not exist
2026-01-22 08:52:35.697 +08 [33452] FATAL:  database 41532 does not exist
2026-01-22 08:52:44.698 +08 [31848] FATAL:  database 37728 does not exist
2026-01-22 08:53:35.709 +08 [35244] FATAL:  database 41532 does not exist
2026-01-22 08:53:44.696 +08 [12196] FATAL:  database 37728 does not exist
2026-01-22 08:54:35.718 +08 [25928] FATAL:  database 41532 does not exist
2026-01-22 08:54:44.686 +08 [17868] FATAL:  database 37728 does not exist
2026-01-22 08:55:35.720 +08 [34048] FATAL:  database 41532 does not exist
2026-01-22 08:55:44.719 +08 [18080] FATAL:  database 37728 does not exist
2026-01-22 08:56:35.721 +08 [33604] FATAL:  database 41532 does not exist
2026-01-22 08:56:44.710 +08 [36028] FATAL:  database 37728 does not exist
2026-01-22 08:57:35.728 +08 [31956] FATAL:  database 41532 does not exist
2026-01-22 08:57:44.710 +08 [36860] FATAL:  database 37728 does not exist
2026-01-22 08:58:35.735 +08 [40476] FATAL:  database 41532 does not exist
2026-01-22 08:58:44.830 +08 [28060] FATAL:  database 37728 does not exist
2026-01-22 08:59:35.729 +08 [21048] FATAL:  database 41532 does not exist
2026-01-22 08:59:44.846 +08 [20260] FATAL:  database 37728 does not exist
2026-01-22 09:00:35.855 +08 [40432] FATAL:  database 41532 does not exist
2026-01-22 09:00:44.955 +08 [13728] FATAL:  database 37728 does not exist
2026-01-22 09:01:35.749 +08 [25520] FATAL:  database 41532 does not exist
2026-01-22 09:01:44.957 +08 [36256] FATAL:  database 37728 does not exist
2026-01-22 09:02:35.738 +08 [37488] FATAL:  database 41532 does not exist
2026-01-22 09:02:44.948 +08 [35104] FATAL:  database 37728 does not exist
2026-01-22 09:03:35.768 +08 [2484] FATAL:  database 41532 does not exist
2026-01-22 09:03:44.958 +08 [29916] FATAL:  database 37728 does not exist
2026-01-22 09:04:35.751 +08 [18544] FATAL:  database 41532 does not exist
2026-01-22 09:04:44.970 +08 [4644] FATAL:  database 37728 does not exist
2026-01-22 09:05:35.751 +08 [27216] FATAL:  database 41532 does not exist
2026-01-22 09:05:44.962 +08 [28472] FATAL:  database 37728 does not exist
2026-01-22 09:06:35.752 +08 [32516] FATAL:  database 41532 does not exist
2026-01-22 09:06:44.974 +08 [18380] FATAL:  database 37728 does not exist
2026-01-22 09:07:35.770 +08 [39508] FATAL:  database 41532 does not exist
2026-01-22 09:07:44.990 +08 [28636] FATAL:  database 37728 does not exist
2026-01-22 09:08:35.785 +08 [34452] FATAL:  database 41532 does not exist
2026-01-22 09:08:45.094 +08 [1472] FATAL:  database 37728 does not exist
2026-01-22 09:09:35.768 +08 [14304] FATAL:  database 41532 does not exist
2026-01-22 09:09:45.097 +08 [2364] FATAL:  database 37728 does not exist
2026-01-22 09:10:35.799 +08 [6568] FATAL:  database 41532 does not exist
2026-01-22 09:10:45.117 +08 [29656] FATAL:  database 37728 does not exist
2026-01-22 09:11:35.784 +08 [24956] FATAL:  database 41532 does not exist
2026-01-22 09:11:45.214 +08 [26000] FATAL:  database 37728 does not exist
2026-01-22 09:12:35.787 +08 [39488] FATAL:  database 41532 does not exist
2026-01-22 09:12:45.094 +08 [2708] FATAL:  database 37728 does not exist
2026-01-22 09:13:35.809 +08 [8472] FATAL:  database 41532 does not exist
2026-01-22 09:13:45.104 +08 [2784] FATAL:  database 37728 does not exist
2026-01-22 09:14:35.818 +08 [18768] FATAL:  database 41532 does not exist
2026-01-22 09:14:45.147 +08 [38632] FATAL:  database 37728 does not exist
2026-01-22 09:15:35.943 +08 [27196] FATAL:  database 41532 does not exist
2026-01-22 09:15:45.247 +08 [37276] FATAL:  database 37728 does not exist
2026-01-22 09:16:35.821 +08 [24512] FATAL:  database 41532 does not exist
2026-01-22 09:16:45.154 +08 [18224] FATAL:  database 37728 does not exist
2026-01-22 09:17:35.824 +08 [22508] FATAL:  database 41532 does not exist
2026-01-22 09:17:45.147 +08 [30564] FATAL:  database 37728 does not exist
2026-01-22 09:18:35.852 +08 [11588] FATAL:  database 41532 does not exist
2026-01-22 09:18:45.156 +08 [7296] FATAL:  database 37728 does not exist
2026-01-22 09:19:35.858 +08 [29172] FATAL:  database 41532 does not exist
2026-01-22 09:19:45.144 +08 [37756] FATAL:  database 37728 does not exist
2026-01-22 09:20:35.860 +08 [13668] FATAL:  database 41532 does not exist
2026-01-22 09:20:45.145 +08 [1564] FATAL:  database 37728 does not exist
2026-01-22 09:21:35.973 +08 [36832] FATAL:  database 41532 does not exist
2026-01-22 09:21:45.158 +08 [40864] FATAL:  database 37728 does not exist
2026-01-22 09:22:35.978 +08 [35424] FATAL:  database 41532 does not exist
2026-01-22 09:22:45.177 +08 [29680] FATAL:  database 37728 does not exist
2026-01-22 09:23:35.995 +08 [36000] FATAL:  database 41532 does not exist
2026-01-22 09:23:45.183 +08 [25208] FATAL:  database 37728 does not exist
2026-01-22 09:24:36.111 +08 [41168] FATAL:  database 41532 does not exist
2026-01-22 09:24:45.279 +08 [36816] FATAL:  database 37728 does not exist
2026-01-22 09:25:35.993 +08 [29424] FATAL:  database 41532 does not exist
2026-01-22 09:25:45.303 +08 [14876] FATAL:  database 37728 does not exist
2026-01-22 09:26:36.015 +08 [13908] FATAL:  database 41532 does not exist
2026-01-22 09:26:45.303 +08 [29392] FATAL:  database 37728 does not exist
2026-01-22 09:27:36.009 +08 [31156] FATAL:  database 41532 does not exist
2026-01-22 09:27:45.325 +08 [2460] FATAL:  database 37728 does not exist
2026-01-22 09:28:36.002 +08 [36920] FATAL:  database 41532 does not exist
2026-01-22 09:28:45.312 +08 [17952] FATAL:  database 37728 does not exist
2026-01-22 09:29:36.022 +08 [36912] FATAL:  database 41532 does not exist
2026-01-22 09:29:45.329 +08 [12852] FATAL:  database 37728 does not exist
2026-01-22 09:30:36.032 +08 [32368] FATAL:  database 41532 does not exist
2026-01-22 09:30:45.346 +08 [38752] FATAL:  database 37728 does not exist
2026-01-22 09:31:36.037 +08 [24392] FATAL:  database 41532 does not exist
2026-01-22 09:31:45.346 +08 [16140] FATAL:  database 37728 does not exist
2026-01-22 09:32:36.035 +08 [22196] FATAL:  database 41532 does not exist
2026-01-22 09:32:45.351 +08 [2640] FATAL:  database 37728 does not exist
2026-01-22 09:33:36.130 +08 [29660] FATAL:  database 41532 does not exist
2026-01-22 09:33:45.359 +08 [35196] FATAL:  database 37728 does not exist
2026-01-22 09:34:36.141 +08 [13240] FATAL:  database 41532 does not exist
2026-01-22 09:34:45.368 +08 [23788] FATAL:  database 37728 does not exist
2026-01-22 09:35:36.146 +08 [31352] FATAL:  database 41532 does not exist
2026-01-22 09:35:45.372 +08 [35272] FATAL:  database 37728 does not exist
2026-01-22 09:36:36.155 +08 [18808] FATAL:  database 41532 does not exist
2026-01-22 09:36:45.389 +08 [33856] FATAL:  database 37728 does not exist
2026-01-22 09:37:36.166 +08 [20128] FATAL:  database 41532 does not exist
2026-01-22 09:37:45.393 +08 [15952] FATAL:  database 37728 does not exist
2026-01-22 09:38:36.164 +08 [41216] FATAL:  database 41532 does not exist
2026-01-22 09:38:45.405 +08 [34120] FATAL:  database 37728 does not exist
2026-01-22 09:39:36.280 +08 [19272] FATAL:  database 41532 does not exist
2026-01-22 09:39:45.391 +08 [32752] FATAL:  database 37728 does not exist
2026-01-22 09:40:36.287 +08 [20872] FATAL:  database 41532 does not exist
2026-01-22 09:40:45.413 +08 [5788] FATAL:  database 37728 does not exist
2026-01-22 09:41:36.296 +08 [36528] FATAL:  database 41532 does not exist
2026-01-22 09:41:45.423 +08 [40208] FATAL:  database 37728 does not exist
2026-01-22 09:42:36.281 +08 [27184] FATAL:  database 41532 does not exist
2026-01-22 09:42:45.426 +08 [18192] FATAL:  database 37728 does not exist
2026-01-22 09:43:36.306 +08 [38004] FATAL:  database 41532 does not exist
2026-01-22 09:43:45.445 +08 [28940] FATAL:  database 37728 does not exist
2026-01-22 09:44:36.329 +08 [34572] FATAL:  database 41532 does not exist
2026-01-22 09:44:45.454 +08 [32916] FATAL:  database 37728 does not exist
2026-01-22 09:45:36.315 +08 [34608] FATAL:  database 41532 does not exist
2026-01-22 09:45:45.468 +08 [31932] FATAL:  database 37728 does not exist
2026-01-22 09:46:36.343 +08 [32716] FATAL:  database 41532 does not exist
2026-01-22 09:46:45.459 +08 [32484] FATAL:  database 37728 does not exist
2026-01-22 09:47:36.330 +08 [29248] FATAL:  database 41532 does not exist
2026-01-22 09:47:45.454 +08 [36932] FATAL:  database 37728 does not exist
2026-01-22 09:48:36.359 +08 [28628] FATAL:  database 41532 does not exist
2026-01-22 09:48:45.474 +08 [14048] FATAL:  database 37728 does not exist
2026-01-22 09:49:36.343 +08 [9888] FATAL:  database 41532 does not exist
2026-01-22 09:49:45.489 +08 [31720] FATAL:  database 37728 does not exist
2026-01-22 09:50:36.352 +08 [14116] FATAL:  database 41532 does not exist
2026-01-22 09:50:45.476 +08 [22872] FATAL:  database 37728 does not exist
2026-01-22 09:51:36.483 +08 [34324] FATAL:  database 41532 does not exist
2026-01-22 09:51:45.930 +08 [30360] FATAL:  database 37728 does not exist
2026-01-22 09:52:36.466 +08 [26392] FATAL:  database 41532 does not exist
2026-01-22 09:52:45.521 +08 [18892] FATAL:  database 37728 does not exist
2026-01-22 09:53:36.497 +08 [22320] FATAL:  database 41532 does not exist
2026-01-22 09:53:45.505 +08 [24044] FATAL:  database 37728 does not exist
2026-01-22 09:54:36.484 +08 [34248] FATAL:  database 41532 does not exist
2026-01-22 09:54:45.507 +08 [4504] FATAL:  database 37728 does not exist
2026-01-22 09:55:36.478 +08 [40988] FATAL:  database 41532 does not exist
2026-01-22 09:55:45.500 +08 [37484] FATAL:  database 37728 does not exist
2026-01-22 09:56:36.507 +08 [41808] FATAL:  database 41532 does not exist
2026-01-22 09:56:45.532 +08 [26712] FATAL:  database 37728 does not exist
2026-01-22 09:57:36.518 +08 [27992] FATAL:  database 41532 does not exist
2026-01-22 09:57:45.534 +08 [38820] FATAL:  database 37728 does not exist
2026-01-22 09:58:36.527 +08 [31776] FATAL:  database 41532 does not exist
2026-01-22 09:58:45.562 +08 [26176] FATAL:  database 37728 does not exist
2026-01-22 09:59:36.535 +08 [14556] FATAL:  database 41532 does not exist
2026-01-22 09:59:45.567 +08 [15644] FATAL:  database 37728 does not exist
2026-01-22 10:00:36.528 +08 [30144] FATAL:  database 41532 does not exist
2026-01-22 10:00:45.583 +08 [35016] FATAL:  database 37728 does not exist
2026-01-22 10:01:36.528 +08 [41856] FATAL:  database 41532 does not exist
2026-01-22 10:01:45.589 +08 [25040] FATAL:  database 37728 does not exist
2026-01-22 10:02:36.558 +08 [19572] FATAL:  database 41532 does not exist
2026-01-22 10:02:45.621 +08 [35400] FATAL:  database 37728 does not exist
2026-01-22 10:03:36.560 +08 [26180] FATAL:  database 41532 does not exist
2026-01-22 10:03:45.587 +08 [5060] FATAL:  database 37728 does not exist
2026-01-22 10:04:36.572 +08 [25300] FATAL:  database 41532 does not exist
2026-01-22 10:04:45.609 +08 [23556] FATAL:  database 37728 does not exist
2026-01-22 10:05:36.572 +08 [23308] FATAL:  database 41532 does not exist
2026-01-22 10:05:45.633 +08 [11772] FATAL:  database 37728 does not exist
2026-01-22 10:06:36.591 +08 [30000] FATAL:  database 41532 does not exist
2026-01-22 10:06:45.634 +08 [13404] FATAL:  database 37728 does not exist
2026-01-22 10:07:36.592 +08 [41856] FATAL:  database 41532 does not exist
2026-01-22 10:07:45.631 +08 [16112] FATAL:  database 37728 does not exist
2026-01-22 10:08:36.587 +08 [25596] FATAL:  database 41532 does not exist
2026-01-22 10:08:45.647 +08 [28948] FATAL:  database 37728 does not exist
2026-01-22 10:09:36.618 +08 [19940] FATAL:  database 41532 does not exist
2026-01-22 10:09:45.649 +08 [20664] FATAL:  database 37728 does not exist
2026-01-22 10:10:36.610 +08 [3928] FATAL:  database 41532 does not exist
2026-01-22 10:10:45.657 +08 [38644] FATAL:  database 37728 does not exist
2026-01-22 10:11:36.599 +08 [5020] FATAL:  database 41532 does not exist
2026-01-22 10:11:45.669 +08 [39328] FATAL:  database 37728 does not exist
2026-01-22 10:12:36.629 +08 [38468] FATAL:  database 41532 does not exist
2026-01-22 10:12:45.659 +08 [13792] FATAL:  database 37728 does not exist
2026-01-22 10:13:36.718 +08 [7856] FATAL:  database 41532 does not exist
2026-01-22 10:13:45.681 +08 [4328] FATAL:  database 37728 does not exist
2026-01-22 10:14:36.731 +08 [29816] FATAL:  database 41532 does not exist
2026-01-22 10:14:45.688 +08 [28788] FATAL:  database 37728 does not exist
2026-01-22 10:15:36.845 +08 [3672] FATAL:  database 41532 does not exist
2026-01-22 10:15:45.680 +08 [39660] FATAL:  database 37728 does not exist
2026-01-22 10:16:36.729 +08 [33600] FATAL:  database 41532 does not exist
2026-01-22 10:16:45.792 +08 [39516] FATAL:  database 37728 does not exist
2026-01-22 10:17:36.753 +08 [2640] FATAL:  database 41532 does not exist
2026-01-22 10:17:45.714 +08 [27692] FATAL:  database 37728 does not exist
2026-01-22 10:18:36.743 +08 [32320] FATAL:  database 41532 does not exist
2026-01-22 10:18:45.704 +08 [14424] FATAL:  database 37728 does not exist
2026-01-22 10:19:36.875 +08 [40364] FATAL:  database 41532 does not exist
2026-01-22 10:19:45.724 +08 [40956] FATAL:  database 37728 does not exist
2026-01-22 10:20:36.890 +08 [14136] FATAL:  database 41532 does not exist
2026-01-22 10:20:45.738 +08 [26600] FATAL:  database 37728 does not exist
2026-01-22 10:21:36.890 +08 [25984] FATAL:  database 41532 does not exist
2026-01-22 10:21:45.728 +08 [38816] FATAL:  database 37728 does not exist
2026-01-22 10:22:36.890 +08 [25944] FATAL:  database 41532 does not exist
2026-01-22 10:22:45.757 +08 [35620] FATAL:  database 37728 does not exist
2026-01-22 10:23:36.915 +08 [15704] FATAL:  database 41532 does not exist
2026-01-22 10:23:45.767 +08 [39692] FATAL:  database 37728 does not exist
2026-01-22 10:24:36.931 +08 [34580] FATAL:  database 41532 does not exist
2026-01-22 10:24:45.776 +08 [27572] FATAL:  database 37728 does not exist
2026-01-22 10:25:36.915 +08 [8472] FATAL:  database 41532 does not exist
2026-01-22 10:25:45.783 +08 [24108] FATAL:  database 37728 does not exist
2026-01-22 10:26:36.907 +08 [11016] FATAL:  database 41532 does not exist
2026-01-22 10:26:45.778 +08 [29668] FATAL:  database 37728 does not exist
2026-01-22 10:27:36.925 +08 [30760] FATAL:  database 41532 does not exist
2026-01-22 10:27:45.798 +08 [10268] FATAL:  database 37728 does not exist
2026-01-22 10:28:36.943 +08 [27316] FATAL:  database 41532 does not exist
2026-01-22 10:28:45.897 +08 [35028] FATAL:  database 37728 does not exist
2026-01-22 10:29:36.929 +08 [8784] FATAL:  database 41532 does not exist
2026-01-22 10:29:45.921 +08 [29984] FATAL:  database 37728 does not exist
2026-01-22 10:30:36.973 +08 [36056] FATAL:  database 41532 does not exist
2026-01-22 10:30:45.925 +08 [32472] FATAL:  database 37728 does not exist
2026-01-22 10:31:36.962 +08 [6240] FATAL:  database 41532 does not exist
2026-01-22 10:31:45.905 +08 [18660] FATAL:  database 37728 does not exist
2026-01-22 10:32:37.082 +08 [13920] FATAL:  database 41532 does not exist
2026-01-22 10:32:45.945 +08 [28856] FATAL:  database 37728 does not exist
2026-01-22 10:33:37.049 +08 [33196] FATAL:  database 41532 does not exist
2026-01-22 10:33:45.923 +08 [788] FATAL:  database 37728 does not exist
2026-01-22 10:34:37.075 +08 [17888] FATAL:  database 41532 does not exist
2026-01-22 10:34:45.940 +08 [30468] FATAL:  database 37728 does not exist
2026-01-22 10:35:37.115 +08 [36488] FATAL:  database 41532 does not exist
2026-01-22 10:35:45.965 +08 [26844] FATAL:  database 37728 does not exist
2026-01-22 10:36:37.096 +08 [28564] FATAL:  database 41532 does not exist
2026-01-22 10:36:45.976 +08 [38624] FATAL:  database 37728 does not exist
2026-01-22 10:37:37.081 +08 [32916] FATAL:  database 41532 does not exist
2026-01-22 10:37:45.981 +08 [16956] FATAL:  database 37728 does not exist
2026-01-22 10:38:37.110 +08 [41872] FATAL:  database 41532 does not exist
2026-01-22 10:38:45.997 +08 [1344] FATAL:  database 37728 does not exist
2026-01-22 10:39:37.120 +08 [27972] FATAL:  database 41532 does not exist
2026-01-22 10:39:45.986 +08 [30404] FATAL:  database 37728 does not exist
2026-01-22 10:40:37.141 +08 [30876] FATAL:  database 41532 does not exist
2026-01-22 10:40:45.993 +08 [24348] FATAL:  database 37728 does not exist
2026-01-22 10:41:37.141 +08 [10860] FATAL:  database 41532 does not exist
2026-01-22 10:41:45.996 +08 [41488] FATAL:  database 37728 does not exist
2026-01-22 10:42:37.155 +08 [30224] FATAL:  database 41532 does not exist
2026-01-22 10:42:46.000 +08 [34988] FATAL:  database 37728 does not exist
2026-01-22 10:43:37.173 +08 [41744] FATAL:  database 41532 does not exist
2026-01-22 10:43:46.020 +08 [38672] FATAL:  database 37728 does not exist
2026-01-22 10:44:37.155 +08 [29188] FATAL:  database 41532 does not exist
2026-01-22 10:44:46.050 +08 [29524] FATAL:  database 37728 does not exist
2026-01-22 10:45:37.172 +08 [19328] FATAL:  database 41532 does not exist
2026-01-22 10:45:46.035 +08 [16740] FATAL:  database 37728 does not exist
2026-01-22 10:46:37.216 +08 [31452] FATAL:  database 41532 does not exist
2026-01-22 10:46:46.040 +08 [32572] FATAL:  database 37728 does not exist
2026-01-22 10:47:37.196 +08 [27308] FATAL:  database 41532 does not exist
2026-01-22 10:47:46.080 +08 [28996] FATAL:  database 37728 does not exist
2026-01-22 10:48:37.217 +08 [24324] FATAL:  database 41532 does not exist
2026-01-22 10:48:46.073 +08 [36176] FATAL:  database 37728 does not exist
2026-01-22 10:49:37.212 +08 [30404] FATAL:  database 41532 does not exist
2026-01-22 10:49:46.068 +08 [26920] FATAL:  database 37728 does not exist
2026-01-22 10:50:37.323 +08 [24484] FATAL:  database 41532 does not exist
2026-01-22 10:50:46.201 +08 [23104] FATAL:  database 37728 does not exist
2026-01-22 10:51:37.354 +08 [24304] FATAL:  database 41532 does not exist
2026-01-22 10:51:46.190 +08 [36560] FATAL:  database 37728 does not exist
2026-01-22 10:52:37.344 +08 [30404] FATAL:  database 41532 does not exist
2026-01-22 10:52:46.318 +08 [40128] FATAL:  database 37728 does not exist
2026-01-22 10:53:37.350 +08 [25664] FATAL:  database 41532 does not exist
2026-01-22 10:53:46.318 +08 [34800] FATAL:  database 37728 does not exist
2026-01-22 10:54:37.374 +08 [25308] FATAL:  database 41532 does not exist
2026-01-22 10:54:46.301 +08 [4648] FATAL:  database 37728 does not exist
2026-01-22 10:55:37.377 +08 [39084] FATAL:  database 41532 does not exist
2026-01-22 10:55:46.315 +08 [34788] FATAL:  database 37728 does not exist
2026-01-22 10:56:37.398 +08 [33048] FATAL:  database 41532 does not exist
2026-01-22 10:56:46.314 +08 [15900] FATAL:  database 37728 does not exist
2026-01-22 10:57:37.411 +08 [32608] FATAL:  database 41532 does not exist
2026-01-22 10:57:46.340 +08 [10576] FATAL:  database 37728 does not exist
2026-01-22 10:58:37.433 +08 [14072] FATAL:  database 41532 does not exist
2026-01-22 10:58:46.348 +08 [24320] FATAL:  database 37728 does not exist
2026-01-22 10:59:37.427 +08 [4504] FATAL:  database 41532 does not exist
2026-01-22 10:59:46.355 +08 [29920] FATAL:  database 37728 does not exist
2026-01-22 11:00:37.433 +08 [40780] FATAL:  database 41532 does not exist
2026-01-22 11:00:46.340 +08 [15704] FATAL:  database 37728 does not exist
2026-01-22 11:01:37.421 +08 [40100] FATAL:  database 41532 does not exist
2026-01-22 11:01:46.398 +08 [15004] FATAL:  database 37728 does not exist
2026-01-22 11:02:37.460 +08 [23180] FATAL:  database 41532 does not exist
2026-01-22 11:02:46.382 +08 [34872] FATAL:  database 37728 does not exist
2026-01-22 11:03:37.465 +08 [18496] FATAL:  database 41532 does not exist
2026-01-22 11:03:46.364 +08 [41476] FATAL:  database 37728 does not exist
2026-01-22 11:04:37.488 +08 [36812] FATAL:  database 41532 does not exist
2026-01-22 11:04:46.392 +08 [8024] FATAL:  database 37728 does not exist
2026-01-22 11:05:37.489 +08 [35460] FATAL:  database 41532 does not exist
2026-01-22 11:05:46.371 +08 [20112] FATAL:  database 37728 does not exist
2026-01-22 11:06:37.497 +08 [14772] FATAL:  database 41532 does not exist
2026-01-22 11:06:46.412 +08 [31428] FATAL:  database 37728 does not exist
2026-01-22 11:07:37.515 +08 [35560] FATAL:  database 41532 does not exist
2026-01-22 11:07:46.399 +08 [15152] FATAL:  database 37728 does not exist
2026-01-22 11:08:37.517 +08 [28328] FATAL:  database 41532 does not exist
2026-01-22 11:08:46.423 +08 [37020] FATAL:  database 37728 does not exist
2026-01-22 11:09:37.490 +08 [26600] FATAL:  database 41532 does not exist
2026-01-22 11:09:46.428 +08 [36872] FATAL:  database 37728 does not exist
2026-01-22 11:10:37.531 +08 [36672] FATAL:  database 41532 does not exist
2026-01-22 11:10:46.424 +08 [38876] FATAL:  database 37728 does not exist
2026-01-22 11:11:37.545 +08 [36716] FATAL:  database 41532 does not exist
2026-01-22 11:11:46.424 +08 [38328] FATAL:  database 37728 does not exist
2026-01-22 11:12:37.659 +08 [28812] FATAL:  database 41532 does not exist
2026-01-22 11:12:46.426 +08 [41096] FATAL:  database 37728 does not exist
2026-01-22 11:13:37.653 +08 [39176] FATAL:  database 41532 does not exist
2026-01-22 11:13:46.460 +08 [11792] FATAL:  database 37728 does not exist
2026-01-22 11:14:37.670 +08 [4024] FATAL:  database 41532 does not exist
2026-01-22 11:14:46.471 +08 [20652] FATAL:  database 37728 does not exist
2026-01-22 11:15:37.688 +08 [27848] FATAL:  database 41532 does not exist
2026-01-22 11:15:46.484 +08 [30008] FATAL:  database 37728 does not exist
2026-01-22 11:16:37.693 +08 [36048] FATAL:  database 41532 does not exist
2026-01-22 11:16:46.481 +08 [12108] FATAL:  database 37728 does not exist
2026-01-22 11:17:37.697 +08 [24104] FATAL:  database 41532 does not exist
2026-01-22 11:17:46.513 +08 [38204] FATAL:  database 37728 does not exist
2026-01-22 11:18:37.687 +08 [36488] FATAL:  database 41532 does not exist
2026-01-22 11:18:46.519 +08 [21048] FATAL:  database 37728 does not exist
2026-01-22 11:19:37.726 +08 [37416] FATAL:  database 41532 does not exist
2026-01-22 11:19:46.515 +08 [32724] FATAL:  database 37728 does not exist
2026-01-22 11:20:37.698 +08 [41908] FATAL:  database 41532 does not exist
2026-01-22 11:20:46.528 +08 [36672] FATAL:  database 37728 does not exist
2026-01-22 11:21:37.718 +08 [29800] FATAL:  database 41532 does not exist
2026-01-22 11:21:46.527 +08 [5788] FATAL:  database 37728 does not exist
2026-01-22 11:22:37.720 +08 [30428] FATAL:  database 41532 does not exist
2026-01-22 11:22:46.534 +08 [14944] FATAL:  database 37728 does not exist
2026-01-22 11:23:37.726 +08 [34384] FATAL:  database 41532 does not exist
2026-01-22 11:23:46.544 +08 [41248] FATAL:  database 37728 does not exist
2026-01-22 11:24:37.747 +08 [32136] FATAL:  database 41532 does not exist
2026-01-22 11:24:46.550 +08 [22044] FATAL:  database 37728 does not exist
2026-01-22 11:25:37.739 +08 [3276] FATAL:  database 41532 does not exist
2026-01-22 11:25:46.549 +08 [2400] FATAL:  database 37728 does not exist
2026-01-22 11:26:37.764 +08 [32508] FATAL:  database 41532 does not exist
2026-01-22 11:26:46.545 +08 [4756] FATAL:  database 37728 does not exist
2026-01-22 11:27:37.758 +08 [36544] FATAL:  database 41532 does not exist
2026-01-22 11:27:46.574 +08 [36876] FATAL:  database 37728 does not exist
2026-01-22 11:28:37.749 +08 [3012] FATAL:  database 41532 does not exist
2026-01-22 11:28:46.558 +08 [18532] FATAL:  database 37728 does not exist
2026-01-22 11:29:37.755 +08 [36728] FATAL:  database 41532 does not exist
2026-01-22 11:29:46.581 +08 [40984] FATAL:  database 37728 does not exist
2026-01-22 11:30:37.780 +08 [28540] FATAL:  database 41532 does not exist
2026-01-22 11:30:46.575 +08 [19352] FATAL:  database 37728 does not exist
2026-01-22 11:31:37.799 +08 [39268] FATAL:  database 41532 does not exist
2026-01-22 11:31:46.589 +08 [39400] FATAL:  database 37728 does not exist
2026-01-22 11:32:37.796 +08 [37620] FATAL:  database 41532 does not exist
2026-01-22 11:32:46.593 +08 [36132] FATAL:  database 37728 does not exist
2026-01-22 11:33:37.817 +08 [2400] FATAL:  database 41532 does not exist
2026-01-22 11:33:46.587 +08 [34632] FATAL:  database 37728 does not exist
2026-01-22 11:34:37.817 +08 [39832] FATAL:  database 41532 does not exist
2026-01-22 11:34:46.605 +08 [18596] FATAL:  database 37728 does not exist
2026-01-22 11:35:37.930 +08 [34356] FATAL:  database 41532 does not exist
2026-01-22 11:35:46.605 +08 [32376] FATAL:  database 37728 does not exist
2026-01-22 11:36:37.912 +08 [9040] FATAL:  database 41532 does not exist
2026-01-22 11:36:46.617 +08 [32860] FATAL:  database 37728 does not exist
2026-01-22 11:37:37.936 +08 [13444] FATAL:  database 41532 does not exist
2026-01-22 11:37:46.637 +08 [38112] FATAL:  database 37728 does not exist
2026-01-22 11:38:37.967 +08 [20244] FATAL:  database 41532 does not exist
2026-01-22 11:38:46.739 +08 [16360] FATAL:  database 37728 does not exist
2026-01-22 11:39:37.957 +08 [40908] FATAL:  database 41532 does not exist
2026-01-22 11:39:46.741 +08 [41800] FATAL:  database 37728 does not exist
2026-01-22 11:40:37.973 +08 [248] FATAL:  database 41532 does not exist
2026-01-22 11:40:46.745 +08 [20684] FATAL:  database 37728 does not exist
2026-01-22 11:41:37.974 +08 [9024] FATAL:  database 41532 does not exist
2026-01-22 11:41:46.759 +08 [4480] FATAL:  database 37728 does not exist
2026-01-22 11:42:37.979 +08 [25776] FATAL:  database 41532 does not exist
2026-01-22 11:42:46.747 +08 [32220] FATAL:  database 37728 does not exist
2026-01-22 11:43:37.990 +08 [20860] FATAL:  database 41532 does not exist
2026-01-22 11:43:46.775 +08 [22908] FATAL:  database 37728 does not exist
2026-01-22 11:44:37.997 +08 [40768] FATAL:  database 41532 does not exist
2026-01-22 11:44:46.902 +08 [27396] FATAL:  database 37728 does not exist
2026-01-22 11:45:38.116 +08 [24056] FATAL:  database 41532 does not exist
2026-01-22 11:45:46.789 +08 [30492] FATAL:  database 37728 does not exist
2026-01-22 11:46:37.990 +08 [41336] FATAL:  database 41532 does not exist
2026-01-22 11:46:46.778 +08 [37056] FATAL:  database 37728 does not exist
2026-01-22 11:47:38.015 +08 [13444] FATAL:  database 41532 does not exist
2026-01-22 11:47:46.812 +08 [35936] FATAL:  database 37728 does not exist
2026-01-22 11:48:37.997 +08 [22824] FATAL:  database 41532 does not exist
2026-01-22 11:48:46.923 +08 [2608] FATAL:  database 37728 does not exist
2026-01-22 11:49:38.011 +08 [14596] FATAL:  database 41532 does not exist
2026-01-22 11:49:46.823 +08 [16416] FATAL:  database 37728 does not exist
2026-01-22 11:50:38.010 +08 [31588] FATAL:  database 41532 does not exist
2026-01-22 11:50:46.846 +08 [14860] FATAL:  database 37728 does not exist
2026-01-22 11:51:38.063 +08 [7472] FATAL:  database 41532 does not exist
2026-01-22 11:51:46.856 +08 [28692] FATAL:  database 37728 does not exist
2026-01-22 11:52:38.009 +08 [34796] FATAL:  database 41532 does not exist
2026-01-22 11:52:46.855 +08 [24376] FATAL:  database 37728 does not exist
2026-01-22 11:53:38.013 +08 [20752] FATAL:  database 41532 does not exist
2026-01-22 11:53:46.870 +08 [3868] FATAL:  database 37728 does not exist
2026-01-22 11:54:38.018 +08 [28812] FATAL:  database 41532 does not exist
2026-01-22 11:54:46.886 +08 [33824] FATAL:  database 37728 does not exist
2026-01-22 11:55:38.144 +08 [12988] FATAL:  database 41532 does not exist
2026-01-22 11:55:46.874 +08 [18944] FATAL:  database 37728 does not exist
2026-01-22 11:56:38.152 +08 [24304] FATAL:  database 41532 does not exist
2026-01-22 11:56:46.891 +08 [40524] FATAL:  database 37728 does not exist
2026-01-22 11:57:38.154 +08 [16352] FATAL:  database 41532 does not exist
2026-01-22 11:57:46.882 +08 [25112] FATAL:  database 37728 does not exist
2026-01-22 11:58:38.182 +08 [40432] FATAL:  database 41532 does not exist
2026-01-22 11:58:46.902 +08 [5912] FATAL:  database 37728 does not exist
2026-01-22 11:59:38.176 +08 [23444] FATAL:  database 41532 does not exist
2026-01-22 11:59:46.899 +08 [17852] FATAL:  database 37728 does not exist
2026-01-22 12:00:38.161 +08 [28452] FATAL:  database 41532 does not exist
2026-01-22 12:00:46.889 +08 [27788] FATAL:  database 37728 does not exist
2026-01-22 12:01:38.186 +08 [26028] FATAL:  database 41532 does not exist
